de	从；的	of, from
și	和；也	and
în	在…里	in
din	从…里	from, out of
la	到；在	to, at
care	哪个；那个	which, who
cu	跟…一起	with
se	自己（反身）	oneself
pentru	为了；给	for
să	要（后接动词）	to (subjunctive)
sau	或者	or
pe	在…上	on
al	…的	of (possessive)
nu	不	no, not
un	一个	a, an
este	是	is
mai	更；还	more, still
prin	通过；穿过	through
că	（引导从句）	that
fost	曾经是	been
fi	是	to be
au	他们有	they have
articolul	条款；文章	the article
ale	…的（复数）	of (fem. pl.)
sunt	是（复数）	are
va	会；将要	will
ca	像；作为	as, like
alin	（法条）段	legal paragraph
privind	关于	regarding
lui	他的	his
poate	可能；能	can, maybe
prevăzute	规定的	stipulated
după	…之后	after
vor	会（他们）	they will
ce	什么	what
unei	一个（配阴性名词）	a (with feminine nouns)
cazul	案件；情况	the case
trebuie	得；必须	must
data	日期	date
unui	一个（配阳性名词）	a (with masculine nouns)
am	我有	I have
oficial	官方的	official
monitorul	官方公报	the official gazette
publicată	已公布的	published
dacă	如果	if
alte	别的	other
dar	但是	but
pot	我能	I can
fie	是（虚拟）	be (subjunctive)
face	做	do, make
ar	会（条件）	would
cel	那个	the one
are	有	has
dintre	在…当中	among
conform	按照	according to
iar	而；又	and
românia	罗马尼亚	Romania
toate	所有	all
unor	一些的	some (gen.)
fără	没有	without
acest	这个	this
stat	国家	state
publice	公开的	public
cele	那些	those
asupra	关于；在…之上	on, upon
caz	情况	case
le	她们	them
ani	年（复数）	years
condițiile	条件	the conditions
bucurești	布加勒斯特	Bucharest
ori	次；或者	times, or
lor	他们的	their
potrivit	按照	according to
ai	你有	you have
între	在…之间	between
numai	只；仅	only
baza	基础	basis
parte	部分	part
sub	在…下面	under
această	这个	this
sănătate	健康	health
ei	他们	they
era	曾是	was
zile	天（复数）	days
avea	有	had
româniei	罗马尼亚的	of Romania
mult	很多	much
decât	比	than
două	两个	two
mare	大；海	big, sea
orice	任何	any
acestora	这些的	of these
fiecare	每一个	each
medicale	医疗的	medical
își	自己的	one's own
servicii	服务	services
decembrie	十二月	December
mod	方式	way
el	他	he
termen	期限；术语	term, deadline
ne	我们	us
legea	法律	the law
prevederilor	规定的	of the provisions
când	什么时候	when
guvernului	政府的	of the government
lei	列伊（货币）	leu (currency)
respectiv	分别	respectively
cum	怎么	how
fiind	作为	being
următoarele	以下的	the following
vigoare	生效	force
despre	关于	about
puțin	一点	a little
astfel	这样	thus
legii	法律的	of the law
iulie	七月	July
modificat	修改过的	amended
iunie	六月	June
putea	能够	could
anul	这一年；年份	the year
îi	给他们	to them
persoane	人们	people
vedere	看法；视野	view, sight
asigurări	保险	insurance
inclusiv	包括	including
aceste	这些	these
timp	时间	time
mă	我	me
noi	我们	we
publică	公布	public (verb: publishes)
anexa	附件	annex
multe	很多	many
valoarea	价值	the value
spre	朝向	towards
acestuia	这个的	of this
modificările	修改	the amendments
tot	全部；仍然	all, still
fiscal	财政的	fiscal
ulterioare	之后的	subsequent
unde	哪里	where
cea	那个	that
cât	多少	how much
prevederile	规定	the provisions
doar	只	only
îl	他	him
domeniul	领域	the field
asemenea	同样	likewise
sale	她的	her
chiar	甚至；真的	even, really
drept	权利；对的	right
muncă	工作	work
acestea	这些	these
sociale	社会的	social
activitatea	活动	the activity
celor	那些的	of those
numărul	数字	the number
an	年	year
sa	她的	her
aplică	适用	applies
general	一般；总的	general
necesare	必要的	necessary
lege	法律	law
urgență	紧急	emergency
nici	也不	not even
perioada	时期	the period
prevăzut	规定的	stipulated
atât	如此；那么	so much
ii	二（罗马数字）	II (Roman numeral)
publicat	已公布的	published
foarte	非常	very
ianuarie	一月	January
ea	她	she
cei	那些	those
zi	天	day
ministerul	部	the ministry
său	他的	his
membru	成员	member
stabilite	既定的	established
luni	星期一；月份	Monday, months
acesta	这个	this
octombrie	十月	October
bine	好	well
următorul	以下的	the following
aceasta	这个	this
partea	部分	the part
ordin	命令；次序	order
național	国家的	national
lucru	事情	thing
nivelul	水平	the level
te	你	you
către	朝向	toward
consiliului	委员会的	of the council
codul	法典；代码	the code
dreptul	权利	the right
legale	合法的	legal
ministerului	部的	of the ministry
fac	我做	I do
completările	补充	the completions
situația	情况	the situation
iii	三（罗马数字）	III (Roman numeral)
bază	基础	base
august	八月	August
martie	三月	March
naționale	国家的	national
loc	地方	place
public	公开的	public
noiembrie	十一月	November
cuprins	包含；目录	content (contained)
transport	运输	transport
special	特别的	special
făcut	做的	done
prevăzută	规定的	stipulated
specialitate	专业	specialty
acesteia	这个的	of this
specifice	特定的	specific
urmează	接下来	follows
există	存在	exists
altă	别的	other
nou	新的	new
având	拥有	having
aprilie	四月	April
juridice	法律的	legal
financiare	财政的	financial
activități	活动	activities
produse	产品	products
reprezintă	代表	represents
activitate	活动	activity
aferente	相关的	related
bugetul	预算	the budget
locale	地方的	local
una	一个	one (fem.)
urmare	结果	consequence
autor	作者	author
unul	一个	one
mg	毫克	milligram
avut	拥有	had
persoanelor	人们的	of the people
informații	信息	information
activității	活动的	of the activity
statului	国家的	of the state
septembrie	九月	September
peste	在…上方；超过	over
persoană	人	person
obligația	义务	the obligation
eu	我	I
juridică	法律的	legal
națională	国家的	national
însă	然而	however
același	同样的	the same
capitolul	章节	the chapter
persoanele	人们	the people
trei	三个	three
județul	县	the county
europene	欧洲的	European
nivel	水平	level
aplicarea	应用	the application
acestor	这些的	of these
altor	其他的	other
date	数据	data
control	控制	control
prezentului	现在的	of the present
contract	合同	contract
ci	而是	but
plată	付款	payment
generale	一般的	general
aplicare	应用	application
află	得知	learns
materiale	材料	materials
prezenta	展示	present (verb)
condiții	条件	conditions
prezentei	现在的	of the present
perioadă	时期	period
ordonanța	法令	the ordinance
acum	现在	now
referitoare	关于	regarding
prima	首先	first (verb: prevails)
serviciilor	服务的	of the services
efectuate	已执行的	performed
alt	别的	other
contractului	合同的	of the contract
februarie	二月	February
acestei	这个的	of this
apoi	然后	then
erau	曾是（复数）	were
tip	类型	type
vă	你们	you (pl.)
unic	唯一的	unique
împotriva	反对	against
ministrului	部长的	of the minister
personal	个人的	personal
tuturor	所有人的	of all
măsuri	措施	measures
fizice	身体的	physical
constituie	构成	constitutes
venituri	收入	income
fel	方式；种类	way, kind
respectarea	遵守	the observance
acestui	这个的	of this
dată	日期；时候	date, time
sistemul	系统	the system
cererea	申请	the application
plata	付款	the payment
comisiei	委员会的	of the commission
numele	名字	the name
autoritatea	当局	the authority
părți	部分；各方	parts, parties
scopul	目的	the purpose
introdus	引入的	introduced
evaluare	评估	evaluation
asta	这个	this
persoana	这个人	the person
localitatea	地方	the locality
comisia	委员会	the commission
încă	还	still, yet
locul	地方	the place
ales	选定的	chosen
ele	他们；它们	they
dat	给定的	given
membre	成员	members
corespunzătoare	相当的；一致的；通信的	corresponding, respective, appropriate, suitable
metodologice	方法的	methodological
faptul	事实	the fact
învățământ	教育	education
comerciale	商业的	commercial
tehnice	技术的	technical
autorului	作者的	of the author
urmă	足迹	trace
așa	这样	so, like this
anului	这一年的	of the year
aici	在这里；此时；这里	here, hither, to here
mari	大的	large
punct	点	point
natură	自然	nature
medicală	医学的	medical
cheltuieli	开支	expenses
uniunii	联盟的	of the union
credit	信用；贷款	credit, loan
prezentul	现在的	the present
corespunzător	相应的	corresponding
consiliul	委员会	the council
atunci	然后；当时	then, next
lucrărilor	工程的	of the works
formă	形式	form
sediul	总部	the headquarters
dispozițiile	规定	the provisions
apă	水	water
scris	书面	written
cerere	申请	application
aceeași	一样；同上；俱	the same
țară	国家	country
produselor	产品的	of the products
asigură	确保	ensures
social	社会的	social
aprobă	批准	approves
iv	四（罗马数字）	IV (Roman numeral)
personalului	人员的	of the staff
consideră	认为	considers
ordinul	命令；次序	the order
realizează	实现	achieves
mine	我	me
direct	直接	direct
sistemului	系统的	of the system
proprii	自己的	own
mea	我的	my
primul	第一个	the first
aceea	那个	that
dispozițiilor	规定的	of the provisions
domiciliul	住所	the residence
viața	生活；生命	life
viață	生活；生命	life
desfășoară	开展	carries out
mediu	环境；中等	environment, medium
of	（英语介词）	of
hotărârea	裁决	the decision
speciale	特别的	special
menționate	提到的	mentioned
altele	其他的	others
acord	协议	agreement
număr	数字	number
autorilor	作者们的	of the authors
administrației	行政的	of the administration
momentul	时刻	the moment
stabilește	确定	establishes
autoritățile	当局	the authorities
aprobarea	批准	the approval
sumele	金额（复数）	the amounts
societății	公司的	of the company
ceva	某事	something
dezvoltarea	发展	the development
spune	说	says
modifică	修改	modifies
bunuri	商品	goods
anumite	某些	certain
fiscale	财政的	fiscal
toți	所有人	all, everyone
generală	一般的	general
suma	金额	the sum
doi	二	two
ore	小时	hours
publicației	出版物的	of the publication
prea	也；非常；太	too, too much, much, too much, really
spus	上述的	said
efectuează	进行；实现；贯彻	to carry out, to fulfill
emise	发出；放射；发表(意见等)	to emit, to release, to express
jos	下；下去；降下	down
modificată	改良的；改进的；修改的	modified, adjusted
legal	法律的；法定的；合法的	legal, lawful
medical	医学的；内科的；药的	medical
hotărâre	决定；决心；决断	decision, determination, resolution
teritoriul	领土；领地；版图	territory
financiar	财政的；金融的	financial
regulamentul	条例	the regulation
prezintă	介绍；引见；赠送	to present
copyright	版权；著作权	copyright
unele	主格；主格语	nominative/accusative plural feminine/neuter of unul
sus	向上；上涨	up
persoanei	人的	of the person
internaționale	国际的	international
copii	孩子；产物；追随者	child
serviciile	雇用；职业；工作	employment, work, service, practice
sistem	系统	system
fapt	事实；真实性；真相	fact, deed, event
serviciu	雇用；职业；工作	employment, work, service, practice
articolului	文章；冠词；物品	article
secțiunea	区段；部分；区域	section
respective	各自地；独自地；个别地	respectively
ro	罗马尼亚（国家代码）	Romania (country code)
exemplu	例子；样本；实例	example
ministrul	部长；牧师；公使	minister
cauză	原因；目标	cause
modul	组件；模数	module, modulus, absolute value, modulus
acolo	在那里	there
familie	家庭；家人；族	family
legi	法律；法则；定律	law, religion, belief, credence
scop	目的；意向；决心	purpose
ia	拿；取	takes
acordate	算是如此；但是	granted
sănătății	健康；卫生；蓬勃	health
realizarea	完成；成就；功业	achievement
sanitare	卫生的	sanitary
profesională	专业的；职业的	professional
facă	要做某事	to do, act, to make, to cause someone to do something
situații	情况	situations
părțile	部分	the parts
unitățile	单位；分队；部队	unit
the	（英语冠词）	the
cursul	水流；小河；流出	stream, current, flow, duration, course, lecture
început	开始	beginning, start, origin
diferite	不同的	different, dissimilar, distinct, various, varying, diverse
valoare	价值；价格；购买力	value, worth
câteva	一些；一部分；若干	some, a little, a few
organizarea	组织；结构；团体	organization
acordă	允许；承认；授与	to grant, allow, give, accord, permit, confer, vouchsafe
stabilit	(被)建立的；固定的；既定的	established
alineatul	段落；短评	paragraph of a law, indentation
municipiului	自治区；市当局；市民	municipality, large town, title of ancient Roman towns that had autono…
utilizate	已使用的	used
aflate	处于…的	located, being
proprietate	财产；所有权；性质	property, possession, property, property, feature, trait
studii	学习；研究；学科	study, higher education, studies, etude
punctul	点；小数点；标点	point, dot, period, degree, extent
obiectul	物体；目标；目的	object
venit	来临	coming, arrival, income, revenue
celelalte	其他的；另外的；从前的	the other
documentele	文件	the documents
anual	每年的；一年一次的；全年的	annual
bunurilor	好的；优良的；上等的	good
instituții	机构；惯例；制度	institution
referință	参考；索引；参照	reference
sensul	感应；感觉；感官	sense, meaning, reason, logic, direction
necesar	必要的；必然的；必需的	necessary
unități	单位；分队；部队	unit
asigura	保证；使确信；弄清楚	to assure, to ensure, to insure
durata	持续时间；持续	duration
probleme	问题；难题	problem, word problem
aprobate	赞成；批准	approval
stabilirea	确立；制定；设施	establishment
documente	文件；公文；文档	document
acțiuni	行动；活动；动作	action, share
continuare	继续；续集；补编	continuation
drepturi	正确的；对的；恰当的	right, right, just, moral, straight
datele	数据	the data
conducere	行为；举动；指导	conduct, leadership
completă	完整的	complete
calitatea	品质；特性；才能	quality
ion	离子	ion
administrație	行政；管理；政府机关	administration
protecție	保护；防卫；贸易保护制度	protection
termenul	期限	the deadline
președintelui	总统；总裁；董事长	president
utilizarea	使用	the use
aparține	属于；合适	to belong, to be part of, to pertain
cuprinde	理解；包括	to comprehend, to contain, comprise, cover, include, encompass, involv…
acordul	一致；调和；协定	accord
statul	州；状态；情形	state, government
măsurile	措施	the measures
lucrări	工作；劳动；职业	work, labor, a piece of written work, for example, an academic monogra…
nimic	没什么	nothing
administrația	行政；管理；政府机关	administration
naturale	自然的；自然界的；本能的	natural
datelor	赠予的；沉溺的；约定的	given
dumnezeu	上帝；神像；偶像	God
oameni	男人；人类；人	man, human
doua	二；二个	two
fiscală	财政的；国库的	fiscal
dreptului	正确的；对的；恰当的	right, right, just, moral, straight
personalul	私人的；涉及隐私的；有人性的	personal
sens	感应；感觉；感官	sense, meaning, reason, logic, direction
județene	县；郡	county
meu	我的	my
piață	市场；交易；集市	market, square
trebui	需要；需要做	to be necessary, to need to, to have to, to need, to be in need of
luna	月亮；月球；月光	moon, month
profesionale	专业的；职业的	professional
forma	形成；排列；(使)组成	to form
instituțiilor	机构；惯例；制度	institution
curtea	法院；庭院；奉承	court, yard, courtyard, court of law
adresa	发表(演说或讲话)；对付；写地址	to address, to refer to, to consult
norme	基准；模范；标准	norm
asistență	协助；援助	assistance
funcționare	操作；动作；手术	operation, operating, functioning
modificări	修正；修饰；修改	modification
instituțiile	机构；惯例；制度	institution
cărora	他们的	whose, to whom
competente	能干的；胜任的；有效的	competent
dispune	安排；排列；达成协议	to arrange, order, place, to decide, to command
act	行动；行为；幕	act, deed, action
finanțare	资金；融资	funding
om	男人；人类；人	man, human
cazuri	情形；情况；箱	case, circumstance, situation
contul	报告；解释；估价	account
exclusiv	排外的；独占的；唯一的	exclusive
durată	持续时间；持续	duration
toată	整个	the whole
anterior	早先的；前面的；过急的	previous
nouă	九；九个	nine
bună	. 嗨	hey! hi!
pune	放；摆；安置	to put, to plant for cultivation, to lie or seat oneself
căror	哪一个；那一个	which
luat	取得；捕获；进款	taking
asigurarea	保证；把握；信心	assurance, insurance
agenția	机构	the agency
limba	舌；语言能力；讲话方式	tongue, language
efectuarea	实行；完成；执行	execution
conținutului	内容；满足；意义	content
activităților	活动；行动；活跃	activity
cont	报告；解释；估价	account
realizate	完成的；实现的；有造诣的	accomplished
cercetare	搜寻；查究	search, examination, research
investiții	投资；花费	invested
procedura	程序	the procedure
președintele	总统；总裁；董事长	president
lumii	世界；地球；宇宙	world, people, humanity, mankind
cheltuielile	费用；代价；开支	expense
înregistrare	录音	recording
conținutul	内容；满足；意义	content
structura	构成；组织	to structure
mediului	环境的	of the environment
com	委员会（缩写）	committee (abbrev.)
cheltuielilor	费用；代价；开支	expense
socială	社会的；群居的；社交的	social
aprobată	赞成；批准	approval
principal	主要的；最重要的；首要的	principal, primary, chief, foremost
penală	有关处罚的；刑的；刑罚的	penal
regim	政权；当权期间；政体	regime
domiciliu	住所；住宅	domicile, home, residence, dwelling, abode
protecția	保护；防卫；贸易保护制度	protection
aproape	接近；亲近	near, close, nearby, almost, nearly
română	罗马尼亚语	Romanian (language)
poziția	位置；地位；身分	position
îmi	我	me
economice	经济上的；实用的；节省的	economic, economical
destinate	(被)建立的；固定的；既定的	established, determined, destined, dedicated to, intended for
bugetului	预算的	of the budget
cap	头；头脑；领袖	head
aprobat	赞成；批准	approval
intrării	进入的	of the entry
sfârșitul	结束；终点；目标	end
născut	天生的	born
mici	小的	small
încheiat	结束的	ended
legate	系	tied, bound
publicare	出版物；出版；公布	publication
casa	房子	house, home
atribuții	工作；任务；作业	task
cererii	申请的	of the application
total	全体的；总的；全然的	total
informațiile	消息；知识；通知	information, piece of information, intelligence
vieții	生活；生命；人生	life
titlu	头衔；名称；标题	title, title of a book, etc., heading
procedură	程序；过程；手续	procedure
interes	兴趣；嗜好；利息	interest
iași	雅西[罗马尼亚东北部城市]	Iasi, a county of Romania
altfel	否则；不同地；别的方式	otherwise, differently, else
tratament	治疗；待遇；处理	treatment
da	是	yes
autorității	权力；当权者；当局	authority
membrii	成员们	the members
rugăm	祈祷；恳求；请	to ask politely, to say please, to pray, to insistently, repeatedly or…
constată	注意；通知；评论	to notice, to certify
caracter	个性；字符；人物	character, characteristic
reprezentând	表现；表示；描绘	to represent
puncte	点；小数点；标点	point, dot, period, degree, extent
completează	填写；补充	fills in
limita	限制；限定	to limit
deja	已经；早已	already, yet
activitățile	活动；行动；活跃	activity
funcția	官能；职务；功能	function, use, function
euro	欧元（欧盟的统一货币单位）	euro
dezvoltare	发展	development, evolution, growth, increase, accretion, upsurge
local	地方性的；当地的；局部的	local
civilă	市民的；公民的；有礼貌的	civil
necesară	必要的；必然的；必需的	necessary
intră	进入；参加；开始	to enter, go in, to approach someone, to associate with, to join
ediția	版本；版；翻版	edition
acte	行动；行为；幕	act, deed, action
propriu	自己的；嫡亲的；同胞的	own
stare	状态；情形；地位	status, standing, situation, position, condition, state
cee	什么	what
instanța	法院	the court
articolelor	文章；冠词；物品	article
economic	经济上的；实用的；节省的	economic, economical
centrale	中央的；重要的	central, pivotal, nodal
judecată	审判；判决；判断	judgement, reason, wisdom, act of judging, trial
punctele	要点；分数	the points
controlul	控制；管理；克制	control
drepturilor	正确的；对的；恰当的	right, right, just, moral, straight
bun	好的；优良的；上等的	good
drepturile	权利	the rights
rezultate	结果	results
finanțelor	财政；财务	finance
maximum	极点；最大量；极大	maximum
actual	现代的；当今的；现时的	present-day
statele	州；状态；情形	state, government
târziu	迟的；晚的；已故的	late
scrise	书写；著述；写	to write
începând	从头开始	to begin, to commence, to begin
anexei	附加物；附属建筑物	annex
politice	政治的；政治上的；政党的	political
câte	多少个	how many
tehnică	技巧；技术；方法	technique
comun	通常的；共同的；通俗的	common, common, normal
obținute	已获得的	obtained
nevoie	需要；必须；缺乏	need, necessity
gradul	程度	the degree
unității	单位；分队；部队	unit
trecut	已褪色的；已凋谢的	faded, bygone, old, withered
membrilor	成员的	of the members
ziua	白天；日	the day
unităților	单位；分队；部队	unit
pare	梨子；梨树；梨木	pear
si	和（无变音写法）	and
sînt	是（旧拼写）	are
produs	产品；结果；乘积	product, produce
mulți	多数；多数人	many
george	乔治	George
aibă	有；怀有；拿	to have, to stand, Used to form other tenses.
organizare	组织；结构；团体	organization
evaluarea	评估；估价；求值	evaluation, assessment
conținut	内容；满足；意义	content
european	欧洲的；欧洲人的	European
părților	部分；局部；零件	part, side, portion, section, piece, share
ta	你的(东西)；你们的(东西)	yours
executare	实行；完成；执行	execution
până	阳离子	Optionally preceding și for emphasis or clarification.
credite	信用；信任；荣誉	credit
administrarea	行政；管理；政府机关	administration
and	和	and
mică	碎片；破片；片段	fragment, crumb, morsel, small part
ordonanță	法令；条例；圣餐礼	ordinance
siguranță	确定；确实的事情	certainty, sureness, surety, safeguard, security, electricity, power…
curs	水流；小河；流出	stream, current, flow, duration, course, lecture
stabilesc	建立；确立；制定	to establish, determine, prove, to ordain, decree
acordarea	授予；授予物；允许	grant
articolele	文章；冠词；物品	article
lume	世界；地球；宇宙	world, people, humanity, mankind
prezența	出席；面前；存在	presence, attendance
asigure	保证；使确信；弄清楚	to assure, to ensure, to insure
asigurare	保证；把握；信心	assurance, insurance
schimb	变化；找回的零钱；找头	change, exchange
cod	代码；密码；法规	code
sectorul	扇形；部门；部分	sector
gheorghe	格奥尔基	Gheorghe
precum	同样地；例如	as
risc	冒险；危险；保险额	risk
cazurile	情形；情况；箱	case, circumstance, situation
față	脸；面容；正面	face, visage, aspect
continuă	继续	continues
zona	带状疱疹	shingles
noastră	我们	we
lista	名单	the list
obligatorie	义务的；必须的；强制性的	obligatory, compulsory, mandatory, required
republicată	再版；重新发表；重订遗嘱	republished
medicamente	药；医学；内科	medicine, drug, medication
îndeplinirea	成就；完成	accomplishment
lumea	世界；地球；宇宙	world, people, humanity, mankind
anii	年；年度；年龄	year
autorizației	授权；许可	authorization
modificarea	修改	the amendment
contractul	合同	the contract
calității	品质；特性；才能	quality
ora	小时；钟头；时间	hour, class
condițiilor	情况；条件	condition
stabilită	(被)建立的；固定的；既定的	established
ține	保存；握住；拿住	to hold, to hold on, to be a part of a whole, to be subordinate in a s…
politică	政治；政治学；政见	politics
regulament	规则；管理；调整	regulation
literare	文学的；文艺的；精通文学的	literary
ml	毫升	milliliter
totul	仍然；更；静止地	still, nevertheless, still, anyway, anyway
evidență	根据；证据；迹象	evidence
gmail	谷歌邮箱	Gmail
temeiul	依据	grounds, basis
denumirea	名字；名称；姓名	name
moment	片刻；瞬间；重要	moment, the time, the right moment, moment, momentum
prezentarea	赠与；描述；介绍	presentation
seama	报告；解释；估价	account, reckoning, consideration, care
totală	全体的；总的；全然的	total
beneficiază	有益于	to benefit
confluente	合流的；汇合的；融合性的	confluent
solicită	请求；乞求；招揽	to solicit
normele	基准；模范；标准	norm
căreia	哪一个；那一个	which
timpul	时间；时侯；时机	time, weather
utilizare	使用；习惯；使用价值	use
economici	经济上的；实用的；节省的	economic, economical
transmite	传输；传染；传达	to transmit, transfer, convey, to hand over, confer, to circulate
nicolae	尼古拉	Nicolae
procedurii	程序的	of the procedure
promovarea	晋级；创建；增进	promotion
aplicabile	合适的；可应用的	applicable
indiferent	漠不关心的；无重要性的；中立的	indifferent
documentelor	文件；公文；文档	document
printre	在...之中	among, amidst, amongst
bugetare	预算的	budgetary
directă	直接的；坦白的	direct, head-on
singur	单身的；单程的；单一的	single, only, sole, alone, solitary, single
casele	房子；住宅；机构	house, dwelling, building, casă de schimb – bureau de change
multor	很多的；重要的	much, many, the large amount of
obligațiilor	义务；责任；约束	obligation
înseamnă	意谓；想要；意欲	to mean, signify, imply, indicate, to mark, note, write down
deși	虽然；尽管	although, even though, even if, in spite of, despite the fac…
imediat	直接地；立刻；立即	immediately
apar	出现	appear
mihai	米哈伊	Mihai
deoarece	既然；自...以后；自...以来	since, because
măsură	尺寸；量度器；量度标准	measure, measurement
cuprinse	理解；包括	to comprehend, to contain, comprise, cover, include, encompass, involv…
membri	四肢；枝干；翼	limb, appendage, membrum virile
român	罗马尼亚人	Romanian
străinătate	往国外；到室外；到处	abroad, foreign countries
patru	四；四个	four
contribuție	捐助；捐助之物；贡献	contribution
aceștia	这；本	this
aș	将；愿意	would, should
fizică	物理学；物理过程；物理现象	physics
noastre	我们	we
programelor	节目；节目单；程序	program
căruia	身材极小的人；指小词；爱称	diminutive of car
voi	你；你们	you
publicării	出版的	of the publication
autorităților	权力；当权者；当局	authority
produsele	产品；结果；乘积	product, produce
primite	收到；接到；得到	to receive, to get, to accept, acquiesce, to welcome, receive someone
energie	能量	energy
primit	收到；接到；得到	to receive, to get, to accept, acquiesce, to welcome, receive someone
origine	起源；起因；出身	origin
contribuția	捐助；捐助之物；贡献	contribution
li	他们；她们；它们	to them
române	罗马尼亚的	Romanian (fem. pl.)
plus	加上；加；外加	plus, and
elemente	元件；元素；要素	element
situațiile	情形；境遇；位置	situation, wealth
administrare	行政；管理；政府机关	administration
anexă	附加物；附属建筑物	annex
muncii	工作；劳动；职业	work, labour
executarea	实行；完成；执行	execution
niște	一些；一部分；若干	some, any
mijloace	手段；方法	means
obligațiile	受约束的；装有封面的；有义务的	bound, obliged, forced
importantă	重要的；有地位的；大量的	important
motive	动机；目的；主题	motive, reason, ground
încheierea	缔结	the conclusion
mi	检疫；军事情报	mi, the note 'E'.
identificare	识别；身份证明；认同	identification
ioan	离子	ion
ultimul	终极的；根本的；极限的	ultimate, final, last
devenit	变成；变得	to become, to reach a place
fiecărui	每一；所有的	every, each
sumelor	量；数量；总量	quantity, amount, sum, total, sum, an amount of money
prețul	价格	the price
coloana	专栏；圆柱；纵队	column, pillar, column, file
funcționarea	操作；动作；手术	operation, operating, functioning
celui	欺骗；行骗	to deceive, cheat
pus	放；摆；安置	to put, to plant for cultivation, to lie or seat oneself
întrucât	因为	because, seeing that
operațiuni	操作；运营	operations
direcția	方向；部门	the direction, the directorate
proiectului	计划；设计；事业	project, projection, plan, design, draft
pagina	标页数	to paginate
organele	风琴；器官；元件	organ
producție	制造；生产；产物	production
perioadei	时期；节段；节	period, age
programului	节目；节目单；程序	program
menționată	提到；说起；提名表扬	mentioned
decizie	决定；决心；决断	decision, determination, resolution
funcții	官能；职务；功能	function, use, function
supuse	使服从；使遭受	to subject to, subdue, subjugate, force, oblige, coerce, to defeat, va…
agenției	机构的	of the agency
legislației	立法；法律	legislation
titlul	头衔；名称；标题	title, title of a book, etc., heading
lunii	月亮；月球；月光	moon, month
totuși	然而	nevertheless, however
prezentate	递交；主张；屈服	submitted, presented
practică	实践；练习；实行	practice
umane	人类的；似人类的；人性的	human, humane
medicul	医学的；内科的；药的	medical
procesul	过程	the process
organul	风琴；器官；元件	organ
superior	上级的；出众的；高傲的	superior
solicitantului	请求者；征求者	solicitant, asylum seeker
săi	他	he
veniturile	收入	the revenues
informațiilor	消息；知识；通知	information, piece of information, intelligence
introdusă	插入的；嵌入的；著生的	inserted
condiția	情况；条件	condition
creșterea	生长；栽培；增长	growth, increase, increment, development
niciodată	从不；决不；不曾	never
tratamentul	治疗；待遇；处理	treatment
ajuns	新贵；暴发户；自命不凡者	upstart
state	州；状态；情形	state, government
organizează	组织；有机化；给予生机	to organise, to arrange
competența	胜任；职称；能力	competence, competency
conține	包含；容纳；控制	to contain
lua	拿；取	take
contractante	签契约的一方；订约人	female equivalent of contractant
legislația	立法；法律	legislation
rămâne	保持；逗留；剩余	to remain, be left, stay behind, to last
actele	行动；行为；幕	act, deed, action
putut	能；会	to be able to, to be possible, to be conceivable, to be a possibility
văzut	视觉；视力；观看	seeing
vorba	谈话；交谈；会谈	talk, talking, speaking, word, conversation, discussion
acțiune	行动；活动；动作	action, share
supraveghere	监视；监督	surveillance
ultima	终极的；根本的；极限的	ultimate, final, last
confluențe	合流；合流点；集合	confluence
adică	就是说；换言之	videlicet, viz., that is to say, in other words, namely, like
construcții	建筑；构造；建筑物	construction, building
categorii	种类；类项	category
acea	那；那个	that
ușor	轻的；少量的；轻微的	light, easy
interne	内在的；国内的	internal
realizat	完成的；实现的；有造诣的	accomplished
înregistrate	注册的；登记过的；记名的	registered
fiul	儿子；女婿；子孙	son
țări	国家；乡村；地区	country, land
români	罗马尼亚人	Romanian
tu	你；你们	you, thou
aduce	带来；产生；促使	to bring
programe	节目；节目单；程序	program
pacienții	忍耐的；容忍的；有耐性的	patient
măsurilor	尺寸；量度器；量度标准	measure, measurement
plan	计划；方案；策略	plan, plane
mic	小的；很少的；幼小的	little, small
judecător	法官；裁判员；审判官	judge, justice, magistrate
judecătorești	司法的；法院的；法官的	judiciary
depune	存放；堆积	to deposit, to lodge, to lay or set something down
permite	允许；容许；可能	to permit, allow, to afford, for one’s status to allow one to do somet…
ochii	眼睛；视力；看	eye, loop, ring in a hob
rămas	遗传；遗产	the result of remaining, inheritance
arată	表示；显示；展现	to show, to point out, to look
conturilor	报告；解释；估价	account
militare	军人；士兵；兵蚁	soldier
funcționează	运行；运作	works, functions
abrogat	撤销；废除	repealed
permanent	永久的；不变的；固定的	permanent
milioane	百万；无数	million
președinte	总统；总裁；董事长	president
natura	自然；大自然；本性	nature
director	主管；导演；董事	director, principal
copie	副本；摹仿；一册	copy
externe	外部的	external
următoare	下列的；其次的	following, next, current
administrativ	管理的；行政的	administrative
teritoriale	领土的；土地的；地方的	territorial
site	网站（全球资讯网的主机站）	website
format	开本；版式；形式	format, template
kg	千克	kilogram
vezi	看见；查看；参观	to see, to watch out, to take care, to be seen, to be visible
masă	桌子；餐桌；工作台	table, meal
datorate	亏欠；负...债；归功于	to owe, to owe itself
fonduri	基金；资金；存款	fund, background, content, substance, essence
calcul	结石；微积分学	calculus, calculation, computing
program	节目；节目单；程序	program
sine	他自己；他亲自	himself, herself, itself, themselves
germania	德国	Germany
unitatea	单位；分队；部队	unit
contractelor	合约；婚约；契约	contract
acționarilor	股东	shareholder
autorizate	经认可的；经授权的	authorized
societate	社会；社交界；交往	society, company
război	战争；战争状态；战术	war, weaving loom
cărui	哪一个；那一个	which
singură	单身的；单程的；单一的	single, only, sole, alone, solitary, single
securitate	安全；安全性；防护物	security
cerințele	需求；必要条件；要求	requirement, text of a question, a problem, an exercise, which specifi…
competentă	能干的；胜任的；有效的	competent
animale	动物	animal, animalistic, brutal
instituției	机构；惯例；制度	institution
grup	团体；组；团	a group
timișoara	蒂米什瓦拉	Timișoara
anume	特别的；专门的；特殊的	special
folosite	使用过的；二手的；习惯的	used
înregistrează	记录；注册；提示	to register, to record
țel	目标；瞄准；击中目标的能力	aim, purpose
in	亚麻；麻布；亚麻织品	flax
integrantă	构成整体的；组成的；不可分割的	integrant
aflat	找出；发现；想出	to find out, get wind of, to recognize, to be placed or situated
declarat	公告的；公然的	declared
vi	你；你们	to you
sume	量；数量；总量	quantity, amount, sum, total, sum, an amount of money
capital	首都；大写字母；资本	capital
situație	情形；境遇；位置	situation, wealth
raportul	报告；报道；传说	report
doilea	第二	second
devine	变成；变得	to become, to reach a place
casă	房子；住宅；机构	house, dwelling, building, casă de schimb – bureau de change
spitalul	医院	hospital
deschis	开着的；开放的；开阔的	open, opened
posibil	可能的；潜在的；合适的	possible
procesului	程序；进行；过程	process, trial, lawsuit, legal case
cuprinsul	泰然自若的；从容的；被控制的	contained, hugged, rich, wealthy
tehnic	技术上的；专门的；工业的	technical
primirii	接待；接受；招待会	the act of receiving, reception
vedea	看见；查看；参观	to see, to watch out, to take care, to be seen, to be visible
calitate	品质；特性；才能	quality
valori	价值；价格；购买力	value, worth
posibilitatea	可能性；可能的事	possibility
lucrătoare	石山	female equivalent of lucrător
teren	小块土地；地区图；图	plot of land, terrain, field, pitch
șef	领袖；酋长；长官	chief, boss
respectivă	各自地；独自地；个别地	respectively
management	经营；支配；管理	management
exercitarea	行使；执行；运动	exercise
medic	医学的；内科的；药的	medical
suplimentare	加法；增加的人(或物)	addition
profil	侧面；轮廓；传略	profile
acel	那；那个	that
existente	存在的；生存的；现存的	existent
autorizat	经认可的；经授权的	authorized
dă	给	gives
agricole	农业的	agricultural, agrarian
listă	目录；名单；明细表	list
actul	行动；行为；幕	act, deed, action
propunerea	提议；计划；求婚	proposal, offer, suggestion, recommendation
obținut	获得；达到	to obtain
individual	个别的；个人的；独特的	individual
carte	书；书籍；帐簿	book, card, a letter, missive
cere	请求；要求；邀请	to request, to ask for
decizia	决定	the decision
cărei	哪一个；那一个	which
principiile	王子；亲王；国君	prince
copilului	孩子；产物；追随者	child
cînd	何时；什么时候	when
lucrările	工作；劳动；职业	work, labor, a piece of written work, for example, an academic monogra…
greu	重的；巨大的；沉重的	heavy, hard, difficult, pregnant
țara	国家；乡村；地区	country, land
prezent	现在时	present tense
normative	合乎规范的；标准的；规范的	normative
articol	文章；冠词；物品	article
bani	金钱；一笔款；财富	money, ban
similare	相似的；类似的	similar
familiei	家庭的	of the family
nostru	我们的	our
final	最后的；终极的；决定性的	final
lunar	阴历的；月的；微亮的(指光)	lunar, monthly
curții	法院的	of the court
știu	假设法	first-person singular present indicative/subjunctive, third-person sin…
anuale	每年的；一年一次的；全年的	annual
desfășurarea	进步；发展；前进	progress, evolution
regimul	政权；当权期间；政体	regime
oamenii	男人；人类；人	man, human
societatea	公司	the company
economică	经济上的；实用的；节省的	economic, economical
existența	存在；生存	existence
tva	增值税（缩写）	VAT
țării	国家；乡村；地区	country, land
parțială	部分的；偏袒的；偏爱的	partial
ajutor	帮忙；帮助者；补救办法	help!
scurt	短的；近的；矮的	short, short, brief
celei	那；那个	that
considerare	考虑；原因	consideration
formare	形成；构造；编队	formation
forme	形状；形体；类型	form
răspuns	反应；回答；响应	response, answer
numit	被称为；公认为	known as
comune	通常的；共同的；通俗的	common, common, normal
instanței	法院的	of the court
obligații	受约束的；装有封面的；有义务的	bound, obliged, forced
acces	通路；入口；接近	access, fit, attack, access
ni	你	you
societăți	公司	companies
ordine	秩序	order
bunurile	商品	the goods
reglementărilor	规章的	of the regulations
fondurilor	基金的	of the funds
înainte	以前；向前	before, ahead
eliminarea	消除	the elimination
dispoziția	规定	the provision
rând	行；排	row, turn
începutul	开始	the beginning
editura	出版社	the publishing house
jumătate	一半	half
participare	参与	participation
fondul	基金	the fund
normelor	规范的	of the norms
întregime	整体	entirety
funcție	职能；职务	function, position
hotărâri	裁决	decisions
secretar	秘书	secretary
fiica	女儿	the daughter
referă	提及	refers to
nume	名字	name
spun	说	say
maria	玛丽亚	Maria
astăzi	今天	today
utilizează	使用	uses
înțelege	理解	understands
cred	我相信	I believe
pregătire	准备；培训	preparation, training
ulterior	后来	later
datorită	由于	thanks to
întreaga	整个	the whole
începe	开始	begins
afaceri	生意	business
proiect	项目	project
unitate	单位	unit
îndeplinește	履行	fulfills
încheiate	已缔结的	concluded
fond	基金	fund
alta	别的	other
domeniu	领域	domain, field
constantin	康斯坦丁	Constantine
tale	你的	your
internațional	国际的	international
departe	远	far
tine	你	you
avizul	意见；批注	the opinion
știe	知道	knows
proprie	自己的	own
excepției	例外；除外；异议	exception
institutul	学会；学院；协会	institute
categoria	种类；类项	category
propria	自己的；嫡亲的；同胞的	own
parlamentului	国会；议会	parliament
ordonanței	法令；条例；圣餐礼	ordinance
transportul	运输；运输工具；激动	transport
important	重要的；有地位的；大量的	important
lună	月亮；月球；月光	moon, month
furnizorii	供应者；供养人；伙食承办人	provider
raport	报告；报道；传说	report
active	活跃的；起作用的；积极的	active
fiecărei	每一；所有的	every, each
duce	携带；运送；支持	to carry, lead, take, to lead, to go, to go
voturi	投票；选举；选票	vote
guvernul	政府；内阁	government
bazează	以…为基础；以…为根据	to be based on, to rely on, to count on
mii	检疫；军事情报	mi, the note 'E'.
controlului	控制；管理；克制	control
intern	内在的；国内的	internal
destinație	目的地；目标；目的	destination
programul	计划	the program
automat	自动的；机械的；必然的	automatic, self-acting, inertial
solicitarea	请求	the request
excepție	例外；除外；异议	exception
putere	力量；实力；强度	strength, power, forces
publici	公众的；公共的；公立的	public
actului	行动；行为；幕	act, deed, action
contracte	合约；婚约；契约	contract
răspunde	以...回答	to respond, reply, answer
alți	其他的；另外的；从前的	other, another
starea	状态；情形；地位	status, standing, situation, position, condition, state
răspundere	责任；债务；倾向	liability
acordat	算是如此；但是	granted
elaborarea	苦心经营；精巧	elaboration
serviciului	雇用；职业；工作	employment, work, service, practice
scrisă	命运；运气	fate
vârsta	年龄；老年；成年	age
termenului	术语；专有名词；期限	term, terms, conditions
tipul	家伙；支索	guy
scopuri	目的；意向；决心	purpose
asigurărilor	保险	insurance
efectuat	执行；表演	performed
vii	葡萄园	vineyard, vine
sesizarea	通知；通告；告示	notification
vom	用意志的力量驱使；决意；愿意	will
mele	我	I
conducerea	行为；举动；指导	conduct, leadership
cinci	五；五个	five
luate	取得；捕获；进款	taking
vrea	要；希望；应该	to want, Used to form other tenses., Used with an infinitive to form t…
încheie	最后...	to conclude, end, wrap up, wind up, close, to combine, unite, to faste…
obiect	物体；目标；目的	object
personalitate	个性；人格；(团体、地方、国家)特有特性	personality
pensii	养老金；退休金；津贴	pension, alimony
comunică	显露；传达；感染	to communicate, to correspond, to convey
integrală	整体；积分；整数	integral
jo	星期四	Thursday
vasile	瓦西里	Vasile
clasa	分类；归类；分等	to classify, to file
specială	特别的；专门的；特殊的	special
dispoziție	心情；气氛；生气	mood
autori	作家；作家的著作；创始人	author
îți	你；你们	to you
execuție	实行；完成；执行	execution
dezvoltării	发展的	of the development
finanțate	提供经费、筹资；提供资金	financed
actelor	行动；行为；幕	act, deed, action
contului	报告；解释；估价	account
înlocuirea	归还；更换；代替者	replacement
comerțului	商业；商务；贸易	commerce, trade
taxei	税；税款；重负	tax
individuale	个别的；个人的；独特的	individual
financiară	女性；女人；雌性动物	female equivalent of financiar
taxa	费用	fee
scrie	书写；著述；写	to write
dovada	证据；证明；试验	proof, evidence
cunoscut	已知的；有名的	known, well-known, renowned, recognized
apare	出现；显得；来到	to appear, show up, turn up, emerge
medicului	医学的；内科的；药的	medical
relații	关系；联系；叙述	relation, relationship
locuri	地方；地点；位置	place, location, stead
omului	男人；人类；人	man, human
modificare	修正；修饰；修改	modification
vreme	天气；气象；处境	weather, time
proceduri	程序；过程；手续	procedure
solicita	请求；乞求；招揽	to solicit
avem	有；怀有；拿	to have, to stand, Used to form other tenses.
comunicare	交流；交通；通讯	communication
vârstă	年龄；老年；成年	age
proces	过程	process
inițial	字首；首字母	initial
intrarea	进入	the entry
românești	罗马尼亚的	Romanian
eliberarea	释放；发泄；豁免	release
importante	重要的；有地位的；大量的	important
copiilor	孩子；产物；追随者	child
mircea	米尔恰	Mircea
prezenței	出席；面前；存在	presence, attendance
mereu	总是；始终	always, ever, continuously, constantly
trece	通过...；透过...；穿过...	to pass through, to pass by, to have passed something
justiție	正义；公平；公正	justice, fairness, justice, righteousness
apel	呼叫；访问；打电话	call
politic	政治的；政治上的；政党的	political
dumneavoastră	你；你们	you
obligat	受约束的；装有封面的；有义务的	bound, obliged, forced
casei	房子；住宅；机构	house, dwelling, building, casă de schimb – bureau de change
stabili	建立；确立；制定	to establish, determine, prove, to ordain, decree
electrice	电的；导电的；电动的	electric
registrul	寄存器；记录；登记簿	register
efectua	进行；实现；贯彻	to carry out, to fulfill
exploatare	开发；开采；剥削	exploitation
juridic	法律的；法定的；合法的	legal
executării	实行；完成；执行	execution
administrative	管理的；行政的	administrative
prezentat	递交；主张；屈服	submitted, presented
adevărat	真实的；正确的；忠诚的	true, true, real, veritable
concurs	竞赛；争论	contest, competition
ordonanțe	法令；条例；圣餐礼	ordinance
aceleași	一样；同上；俱	the same
existent	存在的；生存的；现存的	existent
integral	固有的；整体的；整数的	integral
proiecte	项目（复数）	projects
elaborează	详细地说明；用心地制作；发挥	to elaborate
întocmește	组成；写作；作曲	to compose, to create, to add, to arrange
revistei	杂志；仓库；弹盒	magazine
circulație	流通；循环；发行量	circulation
populației	人口；人口数	population
rol	角色；职责；任务	role
limitele	界限；边界；限度	limit
capacitatea	容量；能力；才能	capacity
daca	大夏的	Dacian
aparținând	属于；合适	to belong, to be part of, to pertain
considerate	考虑过的；被尊重的	considered
neapărat	务必	without fail, absolutely, at all costs, necessarily
acțiunilor	行动；活动；动作	action, share
rezultatele	结果；成绩；答案	result, outcome
înregistrat	注册的；登记过的；记名的	registered
acasă	在家；在本地；在国内	at home, to home
substanțe	物质；实质；主旨	substance
punerea	应用；申请；志愿书	application
alexandru	亚历山德鲁	Alexandru
primele	主要的；最初的；根本的	prime
dau	假设法	first-person singular present indicative/subjunctive, third-person plu…
minim	最小	minimum
liber	自由的；享受政治权力的；允许的	free, at liberty
corespondență	相符；通信；信件	correspondence
analiza	分析；细察；分解	to analyze
cartea	书；书籍；帐簿	book, card, a letter, missive
furnizare	补给；供给；供应品	supply
include	包括；把...算入；包住	to include
tratamentului	治疗；待遇；处理	treatment
piața	市场；交易；集市	market, square
născută	短尾；可鄙的家伙	female equivalent of născut
vot	投票；选举；选票	vote
asistenței	协助；援助	assistance
vânzare	出售；卖；拍卖	sale
cine	谁	who
serie	串联；序列；连续	series
permisă	执照；许可证；特许	license, permit, short for permis de conducere
distribuție	分配	distribution
nefiind	不是	not being
penale	有关处罚的；刑的；刑罚的	penal
recomandări	建议	recommendations
obținerea	达到	attainment
sanitară	卫生的	sanitary
litera	写字母于；在...上刻字母；用字母标明	to letter
impozitul	税	the tax
rău	坏的	bad, wrong, sick
statelor	州；状态；情形	state, government
dispoziții	心情；气氛；生气	mood
identității	身份；相同；一致	identity
cuvinte	话；消息；词	word
bune	好的；优良的；上等的	good
operațiunilor	操作；运营	operations
numărului	数；数字；数目	number
boli	使苦恼	to ail
profit	利润；赢利；利益	profit
rândul	排；行；街道	row, line, line, queue
ați	有；怀有；拿	have...
autorii	作家；作家的著作；创始人	author
europeană	欧洲的	European
evidența	根据；证据；迹象	evidence
deci	所以；因此	so, therefore
ue	欧盟（缩写）	EU
constituție	构成；宪法；体格	constitution
maxim	最大	maximum
directiva	指示；指挥；命令	to direct
putem	能；会	to be able to, to be possible, to be conceivable, to be a possibility
încetarea	停止	cessation
electronice	电子的	electronic
ești	存在	to be, to feel, to be it in a game of tag
obține	获得；达到	to obtain
tocmai	刚刚；正好；仅仅	just, precisely, exactly, only, just
autorizare	授权；许可	authorization
proiectelor	计划；设计；事业	project, projection, plan, design, draft
participarea	参与；分享	participation
propune	计划；打算；建议	to propose, suggest or recommend
nimeni	没有人	no one, nobody
suprafață	面；表面；水面	surface, area
dus	离开；出发；违背	departure
implementarea	安装启用；实行；履行	implementation
document	文件；公文；文档	document
paris	巴黎	Paris
prevede	预见；预知	to foresee, anticipate, to stipulate, to equip, furnish
didactic	教训的；说教的；教导的	didactic
introduce	插入；把(人造卫星)射入(轨道)；添写	to insert, to establish, enact
îndeplinesc	实践；履行；实行	to fulfill
profesional	专业的；职业的	professional
preț	价格；代价；价值	price
răspunderea	责任；债务；倾向	liability
alții	一；任何人	another one
definitivă	使结束；定稿	to finalize
verificarea	证实；查证；证明属实	verification
înregistrarea	录音	recording
valorii	价值；价格；购买力	value, worth
surse	来源；水源；根源	source
răspunderii	责任；债务；倾向	liability
medicamentelor	药；医学；内科	medicine, drug, medication
ștefan	什特凡	Ștefan
medicină	药；医学；内科	medicine
resurselor	资源；财力；办法	resource
tipuri	家伙；支索	guy
vamale	海关；关卡；关税	customs
veniturilor	来临	coming, arrival, income, revenue
materialelor	材料；物资；素材	material
relație	关系；联系；叙述	relation, relationship
personală	私人的；涉及隐私的；有人性的	personal
străine	外国的；外交的；外省的	foreign, strange
rolul	角色；职责；任务	role
ajunge	赶上；突然降临于；压倒	to overtake, to catch up, to arrive, to reach
copil	孩子；产物；追随者	child
certificatul	证书；证明书	certificate
orașul	城市；市	city, town
obligatoriu	义务的；必须的；强制性的	obligatory, compulsory, mandatory, required
evaluări	评估；估价；求值	evaluation, assessment
decît	比	than
copiii	孩子；产物；追随者	child
unii	主格；主格语	nominative/accusative plural masculine of unul
creștere	生长；栽培；增长	growth, increase, increment, development
semnat	签署的	signed
înaintea	在...前面	in front of, before
vreo	主格的；被提名的；记名的	nominative/accusative feminine of vreun
județean	县；郡	county
octavian	锡；马口铁；罐头	a male given name from Latin
oferă	提供；出价；奉献	to offer
simplu	简单的；普通的；朴素的	simple
utilizat	使用；利用；运用	to use, to utilize
organelor	风琴；器官；元件	organ
conduce	规定；统治；管理	to rule, lead, to drive a vehicle, to lead
material	材料；物资；素材	material
europa	欧洲	Europe, Europa
înscrie	记录；注册；提示	to register, to inscribe, to score
reprezentant	代表；众议员；典型	representative
instanță	建议；情况；例子	instance
emis	射出的	emitted
aplicării	应用的	of the application
viii	活着的；活泼的；敏感的	alive
atribuțiilor	工作；任务；作业	task
altul	一；任何人	another one
punere	应用；申请；志愿书	application
poată	能；会	to be able to, to be possible, to be conceivable, to be a possibility
emite	发出；放射；发表(意见等)	to emit, to release, to express
căci	因为	for, because
civile	市民的；公民的；有礼貌的	civil
teritorială	领土的；土地的；地方的	territorial
depășește	经过；越过；通过	to pass, surpass, overtake, excel, exceed
omul	男人；人类；人	man, human
efect	结果；影响；效果	effect
întreținere	维护；保持；维修	maintenance
înscrise	记录；注册；提示	to register, to inscribe, to score
uneori	有时；时常；往往	sometimes, occasionally
accesul	通路；入口；接近	access, fit, attack, access
suspendate	悬浮的；暂停的；缓期的（宣判）	suspended
raportare	报道	reporting
lupu	狼；残忍贪婪之人；极度穷困	wolf
maximă	格言；座右铭	maxim
făcute	完成了的；好了的	done
hotărârii	裁决	decisions
implicată	难懂的；复杂的；不易懂的	involved
centrală	总部；司令部；总部人员	headquarters, power plant, telephone exchange
et	等	etc.
vine	未来地	to come
materie	事件；物质；原因	matter, material, substance
normativ	合乎规范的；标准的；规范的	normative
facebook	脸书	Facebook
colegiului	学院；大学；学会	college
soluționarea	解析；决心；坚定	resolution
didactice	教训的；说教的；教导的	didactic
societățile	社会；社交界；交往	society, company
culturale	文化的；教养的；修养的	cultural
comunității	社区；公众；共有	community
comentarii	注解；批评；评论	comment
fondului	基金；资金；存款	fund, background, content, substance, essence
încât	以致；因为	that
ministru	部长；牧师；公使	minister
elementele	元件；元素；要素	element
paraclinice	辅助检查的	paraclinical
minimum	最小值	minimum, minimum, modicum
acele	针；尖	needle
aveau	有；怀有；拿	to have, to stand, Used to form other tenses.
aferentă	传入的	afferent
municipiul	自治区；市当局；市民	municipality, large town, title of ancient Roman towns that had autono…
dea	是	yes
anticipat	预期的；期望的	anticipated
aproximativ	大约；大致；近于	approximately
siguranța	确定；确实的事情	certainty, sureness, surety, safeguard, security, electricity, power…
probabil	有可能的；合适的；前途有望的	likely, probable
studiu	学习；研究；学科	study, higher education, studies, etude
susține	支援；支撑；帮助	to support, to support, sustain others, respectively oneself, to claim…
completarea	完成	completion
făcută	完成了的；好了的	done
instituția	机构；惯例；制度	institution
magistraturii	长官的职位；地方行政长官	magistracy, magistrature
mediul	环境	the environment
lung	长的；长久的；冗长的	long
oricare	任何的	any, every
exercită	运用；练习；运动	to exercise, to use, to exert, to apply
societăților	社会；社交界；交往	society, company
identitate	身份；相同；一致	identity
privat	私人的；秘密的；私立的	private
organizate	有组织的；组织起来的	organised
asumarea	假定；自负；担任	assumption
intervenție	插入；介入；调停	intervention
medicii	医学的；内科的；药的	medical
depuse	存放；堆积	to deposit, to lodge, to lay or set something down
puterea	力量；实力；强度	strength, power, forces
produsului	产品；结果；乘积	product, produce
opiniile	意见；评价；主张	opinion
eliberat	释放的	freed, emancipated
vechi	老的；旧的；古老的	old
apelor	水；雨水；海水	water
produce	产生；生产；提出	to produce
încălcat	破坏；侵犯；违反	to infringe
educației	教育；训练；教育学	education
iau	假设法	first-person singular present indicative/subjunctive, third-person plu…
determină	决定；决心	to determine
cetățean	市民；公民	citizen
clinice	临床的；门诊部的	clinical
complet	完全地；十分地；圆满地	completely
diverse	分歧；岔开	to diverge
forță	力量；武力；势力	force, strength, power
felul	种类；方式；品质	sort, type, kind, manner, style, way, course of a meal
efectiv	真实的；实际的；现行的	actual, real
azi	今天；当今	today
constituite	建立；指定；（合法或正式地）成立	constituted
acordării	授予；授予物；允许	grant
săptămâni	星期；周	week
solicitate	请求；乞求；招揽	to solicit
planul	计划；方案；策略	plan, plane
model	样板；模板；垫木	a template
retrase	撤回；取回；撤消	to become retracted, pull back, to withdraw, to retreat
gaze	气体；汽油；瓦斯	gas
grad	程度；度数；学位	degree
comunitare	公有社会的；鼓吹公有社会的	communitarian
etnică	人种的；种族的	ethnic
rezultat	结果；成绩；答案	result, outcome
reglementările	规则；管理；调整	regulation
electrică	电的；导电的；电动的	electric
comună	恳谈；社区；公社	commune
justificat	有道理的；合乎情理的	justified, legitimate
cărți	书；书籍；帐簿	book, card, a letter, missive
oricărei	任何的	any, every
adăugată	额外的；更多的	added, glued, annexed
issn	国际标准刊号（缩写）	ISSN
primirea	接待；接受；招待会	the act of receiving, reception
contestate	争论；竞赛	contestation
nerespectarea	不敬；失礼；无礼	disrespect
analiză	分析	analysis
participă	参加；分享；参与	to participate
mama	菊花；沉默	mum, mom, mother, A term of address used by a mother for her children…
rezultă	产生；结果；致使	to result, to follow, to ensue
folosit	使用过的；二手的；习惯的	used
finanțarea	资助	the funding
google	谷歌	Google
km	公里	kilometer
furnizorului	供应者；供养人；伙食承办人	provider
componente	元件；组件；成分	component
atribuțiile	工作；任务；作业	task
legătură	连接；关系；前后关系	connection, link, correlation, relationship of cause and eff…, connect…
certificat	证书；证明书	certificate
organizații	组织；结构；团体	organization
remediere	困境；方位；维修	a fix
mâna	开车；驱使；推动	to drive, goad, put into action, to chase away, to send
menționat	提到；说起；提名表扬	mentioned
vin	葡萄酒；果酒；暗红色	wine
operațiunile	操作	the operations
vreunui	某个的	of some
expirarea	终止；满期；呼出	expiration
furnizate	倘若；以...为条件	provided
puse	放；摆；安置	to put, to plant for cultivation, to lie or seat oneself
reducerea	减少；缩影；变化	reduction, discount
electronic	电子的	electronic
aferent	传入的	afferent
titluri	头衔；名称；标题	title, title of a book, etc., heading
calendaristice	日历；日程表	calendar
consum	消费；消费量；痨病	consumption
direcției	方向；指导；趋势	direction
impozitului	税；税款；重负	tax
majoritatea	多数；大半	majority
animalelor	动物	animal, animalistic, brutal
declarație	宣告；说明；宣布	declaration
private	私人的；秘密的；私立的	private
alimentare	饲养；进料；加料	feeding
fusese	存在	to be, to feel, to be it in a game of tag
pacienți	忍耐的；容忍的；有耐性的	patient
autoritate	权力；当权者；当局	authority
curent	流通的；现在的；当前的	current, everyday
volumul	册；卷；体积	volume
proprietatea	财产；所有权；性质	property, possession, property, property, feature, trait
ordinea	顺序	the order
prenumele	名	first name
încheierii	结束；终点；目标	the act of buttoning up, end, conclusion, close, settlement
apărut	出现；显得；来到	to appear, show up, turn up, emerge
valoroase	有价值的；贵重的；宝贵的	valuable
minute	分；分钟；片刻	minute
valorile	价值；价格；购买力	value, worth
proiectul	项目	the project
valabilitate	有效性；正确性	validity
obiectivelor	客观的；如实的；无偏见的	objective
autorități	权力；当权者；当局	authority
achiziție	获得；获得物	acquisition
clar	清楚的；明确的；澄清的	clear, obvious
conturile	报告；解释；估价	account
criteriile	标准；准则；规范	criterion
taxe	税；税款；重负	tax
comentariile	注解；批评；评论	comment
calea	风度	singular definite of cale
multă	很多的；重要的	much, many, the large amount of
instalații	安装；装置；就职	installation
decizii	决定；决心；决断	decision, determination, resolution
moartea	死亡	death
cineva	有人；某人	someone, somebody., bigshot
responsabilitatea	责任；职责；负担	responsibility
relevante	有关联的；有关系的；适当的	relevant, distinctive
acorda	允许；承认；授与	to grant, allow, give, accord, permit, confer, vouchsafe
creanțelor	债务；罪过	debt
dorești	你想	you want
drum	路；道路；公路	road
obiective	客观的；如实的；无偏见的	objective
colaborare	合作；勾结	collaboration
electorale	选举人的；选举的；(有关)选举的	electoral
istoria	历史；过去；经历	history, story
vamal	海关；关卡；关税	customs
catalogul	目录；大学情况一览	catalogue, school document used for recording students' grades and att…
situației	情形；境遇；位置	situation, wealth
trimiterii	发送；派遣；发射	sending
apărare	防卫；防卫设备	defence
mijloacelor	手段的	of the means
efecte	结果；影响；效果	effect
penal	有关处罚的；刑的；刑罚的	penal
văd	假设法	first-person singular present indicative/subjunctive, third-person plu…
oraș	城市；市	city, town
editoriale	编辑的；主笔的；社论的	editorial
deține	拥有；支配；自认	to own, to detain
principale	主要的；最重要的；首要的	principal, primary, chief, foremost
informare	消息；知识；通知	information
organe	风琴；器官；元件	organ
cercetării	搜寻；查究	search, examination, research
aprobare	赞成；批准	approval
creațiile	创造；创作物；发明	creation
mulțumim	假设法	first-person plural present indicative/subjunctive of mulțum…
măsura	照尺寸；合拍子	to measure, to scrutinise, eye, study, to measure strength, face off
des	时常发生的；频繁的；快速的	frequent, often, abundant, copious, dense, thick
laborator	实验室；研究室；化工厂	laboratory
funcției	官能；职务；功能	function, use, function
ambele	两者的	both
plății	付款的	of the payment
cultură	文化；修养；耕种	culture
pământ	地球；泥土；世界	earth, ground, land
considerat	考虑过的；被尊重的	considered
autorul	作家；作家的著作；创始人	author
audit	审计；查帐	audit
realizării	完成；成就；功业	achievement
învățământul	课；课业；教训	lesson, teaching, the education system
instrumente	工具；手段；仪器	instrument
scrierilor	书写；著作；笔迹	writing
științifice	科学的；系统的；符合科学规律的	scientific
telefon	电话；电话机	telephone
ridicat	举起；提高；提升	lifting, elevating, raising, hoisting, suspending
calculează	计算；预测；计划	to calculate
regulamentului	规则；管理；调整	regulation
înregistrării	登记的	of the registration
desemnat	特指的；指定的	designated
declarația	宣告；说明；宣布	declaration
procedurile	程序；过程；手续	procedure
operator	操作的；工作的；营业上的	operating
pînă	阳离子	Optionally preceding și for emphasis or clarification.
fixe	固定的；不变的	fixed
acela	那；那个	that
directorul	主管；导演；董事	director, principal
instituție	机构；惯例；制度	institution
efectuării	实行；完成；执行	execution
ocazia	场合	the occasion
femei	女人；妇女；女仆	woman, wife, family
păstrează	保持；保存；遵守	to keep, preserve, hold, maintain
spațiul	位置；空间；距离	space
ceilalți	其他的；另外的；从前的	the other
folosirea	使用；习惯；使用价值	use
programele	节目；节目单；程序	program
pseudonim	假名；笔名	pseudonym
următor	下列的；其次的	following, next, current
statut	法令；成文法律；法规	statute
talentați	天资高的；有才能的	talented
deciziei	决定的	of the decision
completări	完成	completion
celorlalte	其他的；另外的；从前的	the other
procedurilor	程序；过程；手续	procedure
casație	撤消原判	cassation
adus	带来的	brought
asigurat	被保险人	insured
subordinea	下级地位；隶属；第二位	subordination
specifică	特殊的；明确的；具有特效的	specific
examen	考试；测验	exam, examination, test
verificare	证实；查证；证明属实	verification
coordonarea	同等；协调	coordination
comercială	商业的；商用的；商品化的	commercial
adevăr	事实；实情	truth
activate	活化；激活	activation
fapte	事实；真实性；真相	fact, deed, event
împărtășite	分享的	shared
interesul	兴趣；嗜好；利息	interest
relațiile	关系；联系；叙述	relation, relationship
publicația	出版物；出版；公布	publication
ștergere	擦拭；消磁	wiping, erasing, cancellation
eliberează	释放；解放；使自由	to free, set free, release, to liberate, to honourably discharge
desfășurate	展开；打开；披露	to unfold, unfurl, unwrap, open up, to unfold, develop
zis	说；讲；念	to say, tell, to call by a name, to tell on someone
mp	议员	MP (member of parliament)
identificarea	识别；身份证明；认同	identification
rezultatelor	结果；成绩；答案	result, outcome
contractuale	契约的	contractual
reglementare	规则；管理；调整	regulation
postare	帖子	post
rasială	人种的；种族的	racial
părții	部分；局部；零件	part, side, portion, section, piece, share
trimiți	发送；使进入；寄	to send
reușit	成功的；一帆风顺的；顺利的	successful
obligatorii	义务的；必须的；强制性的	obligatory, compulsory, mandatory, required
inactive	不活动的；停止的；怠惰的	inactive
efectuată	执行；表演	performed
certificatului	证书；证明书	certificate
uman	人类的；似人类的；人性的	human, humane
central	中央的；重要的	central, pivotal, nodal
import	进口货；进口；输入	import
locului	地方的	of the place
realiza	完成；达到	to achieve
intra	进入；参加；开始	to enter, go in, to approach someone, to associate with, to join
exemplare	副本；摹仿；一册	copy
reprezentantul	代表；众议员；典型	representative
mijloacele	手段	the means
educație	教育；训练；教育学	education
pinterest	拼趣	Pinterest
pregătirea	训练；培养	training, preparing
respecte	尊敬；注意；遵守	to respect
poți	你能	you can
incluse	包括；把...算入；包住	to include
lucruri	事物；东西；物	thing, work, problem, action, belongings
impozabile	可征税的；应征税的	taxable
poartă	门；牌楼；大门	gate, goal
abonare	捐献；订金；订阅	subscription
întârziere	迟；晚	lateness, delay
susții	支援；支撑；帮助	to support, to support, sustain others, respectively oneself, to claim…
apariția	出现	the appearance
consultați	商讨；商量；协商	to consult
resurse	资源；财力；办法	resource
semnalați	向...作信号；标志；用信号通知	to signal
îndrăgiți	通俗的；流行的；受欢迎的	popular, loved
finale	最后的；终极的；决定性的	final
text	文本；正文；课文	text
distribuirile	分配	distribution
spațiu	位置；空间；距离	space
net	净的；最终的	net, clear, clear-cut, plain
comentează	评论；注解	to comment
plătite	支付；付清；补偿	to pay
mergându	走着	walking
promovezi	促进；晋升；创办	to promote
fondatori	创立者；建立者	founder
contrasemnează	副署；确认	to countersign
contorizate	（按顺序）数；有价值；数出总数	counted
aplica	涂；应用	to apply
exemplar	副本；摹仿；一册	copy
realizată	完成的；实现的；有造诣的	accomplished
semnalezi	向...作信号；标志；用信号通知	to signal
pieței	市场；交易；集市	market, square
linkedin	领英	LinkedIn
rezervate	保留的；预备的；预定的	reserved
disqus	Disqus（评论系统）	Disqus
capul	头；头脑；领袖	head
trebuia	需要；需要做	to be necessary, to need to, to have to, to need, to be in need of
parțial	部分的；偏袒的；偏爱的	partial
camerei	房间；空位；场所	room, chamber
inspecție	检验；检查；视察	inspection
serviciul	雇用；职业；工作	employment, work, service, practice
transmise	传输；传染；传达	to transmit, transfer, convey, to hand over, confer, to circulate
revin	假设法	first-person singular present indicative/subjunctive, third-person plu…
oficiu	办公室；部；公职	office
egală	相等的；平等的；胜任的	equal, even
competențe	胜任；职称；能力	competence, competency
acțiunile	行动；活动；动作	action, share
timpului	时间；时侯；时机	time, weather
impune	强迫；执行；坚持	to enforce, to impose
sisteme	系统（复数）	systems
întocmit	组成；写作；作曲	to compose, to create, to add, to arrange
anterioare	早先的；前面的；过急的	previous
specializate	专门的；特别的；专科的	specialized
echipamente	装备；设备；才能	equipment
centrul	中心；中心点；中锋	centre
găsit	发现；发现物；决定	finding
sprijin	支持；支撑；援助	support, assistance, aid, succor
românesc	罗马尼亚的	Romanian
amendă	罚款；罚金；晴天	fine
domnul	先生	mister, Mr., sir, polite term for a man, master, hospodar
suspendarea	悬挂；暂停；中止	suspension
franța	法国	France
excepția	例外；除外；异议	exception
medie	平均；中等	average, medium
utilizării	使用；习惯；使用价值	use
personale	私人的；涉及隐私的；有人性的	personal
normal	正常的；正规的；标准的	normal
standard	标准；规格；旗	standard
furnizor	供应者；供养人；伙食承办人	provider
țările	国家；乡村；地区	country, land
suprafața	某事；某物	to cover the surface with something
militar	军人；士兵；兵蚁	soldier
mm	毫米	millimeter
specific	特殊的；明确的；具有特效的	specific
reglementate	管制；管理；规定	regulated
ideea	主意；办法；理想	idea
regulă	规则；统治；控制	rule, norm
secolului	世纪；百年	century
orașului	城市；市	city, town
formarea	形成；构造；编队	formation
considerată	考虑过的；被尊重的	considered
aer	空气；旋律；态度	air
ridicată	举起；提高；提升	lifting, elevating, raising, hoisting, suspending
însoțită	公司；友伴；交往	company
publicarea	出版物；出版；公布	publication
sumei	量；数量；总量	quantity, amount, sum, total, sum, an amount of money
școlare	男学生	schoolboy
secția	区域；管理区；管辖区域	precinct, workshop in a factory
desfășurării	进步；发展；前进	progress, evolution
implicate	难懂的；复杂的；不易懂的	involved
ședința	会议；会面	meeting, session
rutier	公路的	road (adj.)
rezultatul	结果	the result
însuși	他自己；他亲自	himself, itself
lumină	光；光亮；灯	light
dosarul	档案；卷宗	dossier, folder
eliberate	释放的	freed, emancipated
școlar	男学生	schoolboy
contra	反对；对着；倚靠	against, versus
dan	丹	Dan
gazelor	气体；汽油；瓦斯	gas
mână	手；爪；指针	hand
protecției	保护；防卫；贸易保护制度	protection
îndeplinite	实践；履行；实行	to fulfill
acțiunea	行动；活动；动作	action, share
majoră	主要的；较多的；大部分的	major
deținute	女性；女人；雌性动物	female equivalent of deținut
școală	学校；鱼群；门派	school
deschise	打开；公开；开放	to open, to unlock, to turn on
intrat	进入的	entered
recuperare	恢复；复原；痊愈	recovery
original	最初的；原始的；有创意的	original
adaugă	添加	adds
noapte	夜；夜晚；晚上	night
notă	笔记；记录；注解	note, annotation, mark, grade, bill, check
cuprinzând	理解；包括	to comprehend, to contain, comprise, cover, include, encompass, involv…
zonă	地带；带；地区	zone
producția	制造；生产；产物	production
profesor	教授	professor, teacher
întotdeauna	总是；始终	always
civil	市民的；公民的；有礼貌的	civil
presupune	推想；假设；以为	to suppose, assume, presume, imply
abia	刚刚；几乎不；勉强是	hardly, barely, hardly, barely, scarcely, only, just
poziție	位置；地位；身分	position
brașov	布拉索夫	Brașov
monitorizare	监控	monitoring
libertate	自由；特权；许可	liberty, freedom
probe	块；片；篇	piece of evidence, test, trial, examination, test run
metode	方法；办法；条理	method
spuse	说；讲；念	to say, to tell
urmat	跟随；沿行；遵循	to follow, to attend an educational institution, a course or an educat…
afla	找出；发现；想出	to find out, get wind of, to recognize, to be placed or situated
motiv	动机；目的；主题	motive, reason, ground
capitalul	首都；大写字母；资本	capital
fondurile	基金；资金；存款	fund, background, content, substance, essence
aplicate	应用的	applied
perioade	时期；节段；节	period, age
procurorului	实行者；告发者；公诉人	prosecutor
participa	参加；分享；参与	to participate
competență	胜任；职称；能力	competence, competency
prevederi	(政府提供的)钱和设备；准备；供应品	provision
lucrurile	事物；东西；物	thing, work, problem, action, belongings
taxă	税；税款；重负	tax
următoarea	下列的；其次的	following, next, current
suport	支持；支撑；援助	support
justificative	认为正当的；辩解的；辩明的	justificatory
curente	流通的；现在的；当前的	current, everyday
medicamentului	药；医学；内科	medicine, drug, medication
minime	最小值	minimum
apei	水；雨水；海水	water
lungul	长的；长久的；冗长的	long
prevenirea	阻止；妨碍；预防	prevention
obicei	习惯；嗜好；习性	habit
medicilor	医学的；内科的；药的	medical
profesiei	职业；表白；声明	profession
trimitere	发送；派遣；发射	sending
eram	存在	to be, to feel, to be it in a game of tag
familia	香港专业教育学院	definite singular nominative/accusative of familie
energiei	能量的	of energy
drumul	路；道路；公路	road
valorilor	价值；价格；购买力	value, worth
electronică	电子学	electronics
consecință	结果；重要性	consequence, result, outcome, effect, repercussion
tel	电话	telephone
asigurării	保险	insurance
comitetul	委员会	committee
cale	大街；途径；林荫路	avenue, way, path
competent	能干的；胜任的；有效的	competent
urma	跟随；沿行；遵循	to follow, to attend an educational institution, a course or an educat…
repede	快速的；紧的	fast, quick, rapid
textul	文本；正文；课文	text
grupului	团体；组；团	a group
cantitatea	量；数量；总量	quantity, amount
deputaților	副手；代理人	deputy
disponibile	可利用的；可获得的；有效的	available, unoccupied, vacant
stării	状态；情形；地位	status, standing, situation, position, condition, state
conțin	包含；容纳；控制	to contain
condus	有指导的；有向导的	taken, guided
constatare	观察；注意；观测	observation
zonele	地带；带；地区	zone
urmărire	跟踪	tracking
lipsa	缺席；缺乏；没有	absence, lack, want, deficiency
internațională	当事人；聚会；党派	international association of political parties
sfârșit	结束；终点；目标	end
contact	联系；交际；熟人	contact
determinat	坚决的；已下决心的	determined
structurile	结构；构造；建筑物	structure
șase	六；六个	six
lângă	在旁边	beside, next to, by, near, close to, alongside
garanție	担保；抵押品；保证书	guarantee
liberă	自由的；享受政治权力的；允许的	free, at liberty
considera	考虑；思考；认为	to consider
artă	艺术；人文科学；技术	art
traian	特拉扬	Traian
următoarelor	下列的；其次的	following, next, current
criterii	标准；准则；规范	criterion
întâi	起先	at first, firstly, first of all, first
cam	大约；大致；近于	approximately, a little, rather
umană	人类的；似人类的；人性的	human, humane
solicitat	请求；乞求；招揽	to solicit
coordonează	(使)协调	to coordinate
suntem	存在	to be, to feel, to be it in a game of tag
regimului	政权；当权期间；政体	regime
zone	地带；带；地区	zone
încetează	停止；被塞住	to stop, cease, end, to suspend, put an end to, break off, discontinue…
furnizorilor	供应者；供养人；伙食承办人	provider
românească	罗马尼亚的	Romanian
articole	文章；冠词；物品	article
debitorului	债务人；借主；借方	debtor
părea	看；注意；朝着	to look, for someone’s senses to deceive him, to be convenient, agreea…
mișcare	运动；动作；运转	movement, motion
banca	长椅子	bench
prezinte	介绍；引见；赠送	to present
eminescu	源于父名的	a surname originating as a patronymic
adunării	聚集；集中；采集	gathering, assembly, meeting, crowd, amassment, aggregation, collectio…
temporară	暂时的；临时的	temporary
afară	外面；外表；外界	outside
aspecte	外观；方面；面貌	aspect, look
definite	清晰的；轮廓分明的；有定义的	defined
contabile	负有责任的；可说明的；可解释的	accountable
sistemelor	系统；体系；制度	system, the political establishment in Romania, particularly the one…
situațiilor	情形；境遇；位置	situation, wealth
fața	脸；面容；正面	face, visage, aspect
sintagma	结构体；结构段；语段	syntagma, phrase, expression
distanță	距离；远方；遥远	distance
cer	天空；天色；天堂	sky, heaven
soluție	解决；解答；溶液	solution
contractele	合同（复数）	the contracts
comitetului	委员会	committee
interesate	感兴趣的	interested
domeniile	领域；领土；产业	domain, field
lemn	木材；木制品	wood, timber
adunarea	聚集；集中；采集	gathering, assembly, meeting, crowd, amassment, aggregation, collectio…
autorizarea	授权；许可	authorization
valută	货币；通货；流通	currency
imobile	不动产	real estate, immovable
aur	黄金；钱财；金块	gold
superioare	上级的；出众的；高傲的	superior
moarte	死亡	death
fiindcă	因为	because
prevăzuți	特指的；指定的	designated
îndeplinire	成就；完成	accomplishment
corporale	肉体的；身体的；个人的	corporal
handicap	障碍；困难；不利条件	handicap
oamenilor	男人；人类；人	man, human
înființarea	基础；根据；建立	foundation
rezervă	储备品；贮量；后备军	reserve, reservation
determina	决定；决心	to determine
certificate	证书；证明书	certificate
determinarea	决心；果断	determination
structuri	结构；构造；建筑物	structure
partid	宴会；党；政党	party
victor	维克托	Victor
referire	谈及；提交；谘询	referring
cereri	请求；需要；申请书	request, demand
puternic	强壮的；坚固的；坚强的	strong
sânge	血；血统；流血	blood, origin, breed
inițială	字首；首字母	initial
contravaloarea	价值；价格；购买力	value, cost
determinată	坚决的；已下决心的	determined
activ	活跃的；起作用的；积极的	active
istorie	历史；过去；经历	history, story
atrage	吸引；诱惑	to attract, draw, lure, entice, bring
roca	岩石；岩礁；石头	rock
problema	问题；难题	problem, word problem
organului	风琴；器官；元件	organ
hârtie	纸；文件；文章	paper
transportului	运输；运输工具；激动	transport
termenele	术语；专有名词；期限	term, terms, conditions
capitalului	首都；大写字母；资本	capital
angajat	忙碌的；使用中的	engaged, employed
înțeles	理解的	understood
comunicării	交流；交通；通讯	communication
radu	假设法	first-person singular present indicative/subjunctive, third-person plu…
reprezentanții	代表；众议员；典型	representative
poliție	警察；警察当局；治安	police
supravegherea	监视；监督	surveillance
culoare	颜色；面色；颜料	color
efectele	效果（复数）	the effects
cauzei	原因；目标	cause
limită	界限；边界；限度	limit
mijloc	中央；中间；腰部	middle, center, mean, wealth, fortune, resources, medium, way, means
sportive	运动的	athletic
precedent	先例；前例	precedent
cluj	克卢日	Cluj
privată	厕所；梳妆	toilet
organizat	有组织的；组织起来的	organised
atac	攻击；抨击	attack
evenimente	事件；结果；事情的进程	event
aduse	带来；产生；促使	to bring
sufletul	灵魂；心灵；精神	soul, spirit
egal	相等的；平等的；胜任的	equal, even
eligibile	有资格当选的；合格的	eligible
celălalt	其他的；另外的；从前的	the other
trecerea	通道；通过；移居	the act of passing, passage
oră	小时；钟头；时间	hour, class
ochi	眼睛；视力；看	eye, loop, ring in a hob
experiență	经历；经验；体验	experience
dispozitive	装置；设计；策略	device
evaluării	评估；估价；求值	evaluation, assessment
menținerea	维护；保持；维修	maintenance
cît	比	than
constă	组成；存在于；一致	to consist, be composed of
îngrijiri	小心；照料；忧虑	care
istorice	历史上著名的；有历史性的	historic, historical
fiu	儿子；女婿；子孙	son
cerințelor	需求；必要条件；要求	requirement, text of a question, a problem, an exercise, which specifi…
diferența	不同；差异	difference
riscului	冒险；危险；保险额	risk
pacienților	忍耐的；容忍的；有耐性的	patient
alocate	配置；分配；拨给	allocation
acasa	在家；在本地；在国内	at home, to home
obligați	受约束的；装有封面的；有义务的	bound, obliged, forced
gratuit	自由的；享受政治权力的；允许的	free, without payment, useless, baseless, unfounded
medicamentele	药；医学；内科	medicine, drug, medication
cetățenilor	市民；公民	citizen
posturi	绝食；斋戒	fast, fasting
categorie	种类；类项	category
rata	未得到；未达到；未听到	to miss, to fail
cauza	原因	the cause
to	到	to
asistența	协助；援助	assistance
studiilor	学习；研究；学科	study, higher education, studies, etude
cazurilor	情形；情况；箱	case, circumstance, situation
acordare	授予；授予物；允许	grant
sibiu	锡比乌	Sibiu
bibliografică	书目有关的；书目的	bibliographic
pierdut	失去的；遗失的；迷惑的	lost, pale, faded, blank, stray
plecat	离去的；死去的；用完的	gone, left
internă	(英国)皇家海军；注册护士	female equivalent of intern
activelor	活跃的；起作用的；积极的	active
cunoștință	意识；认识	awareness, acquaintance
procuror	实行者；告发者；公诉人	prosecutor
clinic	临床的；门诊部的	clinical
mărfurilor	货物	goods, merchandise
institutului	学会；学院；协会	institute
îndeplinească	履行	fulfill
clădiri	建筑物；建筑	building
tare	坚硬的；硬的；难的	hard, tough, solid, strong, loud, strong, powerful
tău	你的；你们的	your
femeie	女人；妇女；女仆	woman, wife, family
încadrarea	归类	the classification
transmiterea	传输；传送；变速器	transmission
furnizarea	补给；供给；供应品	supply
necesită	迫使；使成为必需；需要	to necessitate
venitul	来临	coming, arrival, income, revenue
decide	决定；判决	to decide
agent	代理商；政府代表；动原	agent
judiciare	法庭的；公正的；审判上的	judicial
naștere	出生；起源	birth
primar	主要的；初期的；根本的	primary, elementary, primary
documentația	(总称)文件	documentation
silită	被迫的；强迫的；用力的	forced
revine	返回；归还；回来	to return, come back
documentul	文件；公文；文档	document
culturii	文化；修养；耕种	culture
depăși	经过；越过；通过	to pass, surpass, overtake, excel, exceed
raportului	报告；报道；传说	report
statutul	法令；成文法律；法规	statute
primă	奖金；红利	bonus
anumită	确定的；某一个的；必然的	certain
relația	关系；联系；叙述	relation, relationship
dețin	拥有；支配；自认	to own, to detain
adecvate	适当的	appropriate
sumă	量；数量；总量	quantity, amount, sum, total, sum, an amount of money
băsescu	伯塞斯库	Băsescu
îndeplinirii	成就；完成	accomplishment
masa	按摩；揉	to massage
numește	称为	is called
încasate	收到的	received (money)
boală	疾病；弊病	disease, sickness, illness
soluționare	解析；决心；坚定	resolution
seria	使连续排列	to seriate
aflați	找出；发现；想出	to find out, get wind of, to recognize, to be placed or situated
mobile	移动的；易变的；机动的	mobile
autorizația	授权；许可	authorization
raportate	报告的；据报道的	reported
succes	成功；成就；胜利	success
adesea	时常；常常	often
cooperare	合作；协力；配合	cooperation
cost	成本	cost
adoptată	被收养的；被采用的	adopted
cultural	文化的；教养的；修养的	cultural
făcea	要做某事	to do, act, to make, to cause someone to do something
comunicarea	交流；交通；通讯	communication
nicio	没有；不是；绝非	no, none of, not any
monitorizarea	监控	the monitoring
judiciar	法庭的；公正的；审判上的	judicial
joc	比赛；玩耍；比分	game, play, dance
munca	工作；劳动；职业	work, labour
parcă	好像；仿佛	it’s like, one could say, it’s as if…, Denotes uncertainty., as though
sector	扇形；部门；部分	sector
problemele	问题；难题	problem, word problem
suficient	充分的；足够的	sufficient
separat	分居；分开的；不在一起生活的	separated
secolul	世纪；百年	century
elaborate	详细地说明；用心地制作；发挥	to elaborate
volum	册；卷；体积	volume
uz	使用；习惯；使用价值	use
publicate	已发布的	published
luarea	拿；取；收成	take
constituit	建立；指定；（合法或正式地）成立	constituted
informează	通知；使了解；使充满	to inform
export	输出品；输出	export
vremea	天气；气象；处境	weather, time
plin	充满的；完全的；丰富的	full
instalațiilor	安装；装置；就职	installation
vânzarea	出售；卖；拍卖	sale
reglementări	规则；管理；调整	regulation
beneficiar	受惠者；受益人	beneficiary
anumit	确定的；某一个的；必然的	certain
licitație	拍卖	auction
datei	赠予的；沉溺的；约定的	given
pericol	危险；威胁	danger, peril, hazard, risk
autorizați	授权；批准；允许	to authorise, to allow
biroul	局；办公处	bureau, desk, office
ridică	升高；提高；鼓舞	to lift, elevate, raise, hoist, suspend, to increase, to uplift
valabil	有确实根据的；有法律效力的；正当的	valid
împreună	一起；共同；彼此	together
asociate	联合的	associated
superioară	上级的	superior
lăsat	允许	letting, allowing, leaving, dropping
numeroase	很多的；数目众多的；多数的	numerous
regionale	地方的；地域性的	regional
urmând	跟随；沿行；遵循	to follow, to attend an educational institution, a course or an educat…
oficiale	公务的；官方的；正式的	official
modelului	样板；模板；垫木	a template
luptă	打架；争吵；斗志	fight, fighting
terțe	第三人称；第三人称时使用的代词与动词	third person, third party
modelul	样板；模板；垫木	a template
bugetele	预算	budget
șeful	领袖；酋长；长官	chief, boss
fax	传真	fax
realitate	实在；事实；实体	reality
zilele	天；日子；白天	day
caselor	房子；住宅；机构	house, dwelling, building, casă de schimb – bureau de change
propus	建议；命题；主张	proposition
capacitate	容量；能力；才能	capacity
satul	村庄	village, dwelling, field
implementare	安装启用；实行；履行	implementation
schimbarea	变化；找回的零钱；找头	change
pună	普纳（印度西部城市）	third-person singular/plural subjunctive present of pune
lumina	点燃；照亮	to light, to illuminate, to shine, to enlighten
lasă	留下	leaves
spital	医院	hospital
protocol	草案；礼仪；协议	protocol
riscul	冒险；危险；保险额	risk
licență	执照；许可证；特许	license
depunerea	存款；定金；堆积物	deposit, sediment
execută	执行；实行；完成	to execute
agenții	代理商；政府代表；动原	agent
constituția	构成；宪法；体格	constitution
acordată	算是如此；但是	granted
închisoare	监狱；监禁；拘留所	prison, jail, prison sentence, prison time, enclosure for livestock
trimis	密使；间谍；使者	emissary
sursă	来源；水源；根源	source
pun	假设法	first-person singular present indicative/subjunctive, third-person plu…
cazului	情形；情况；箱	case, circumstance, situation
motivele	动机；目的；主题	motive, reason, ground
adoptate	被收养的；被采用的	adopted
crescut	长大的；成年的；长满某物的	grown, grown-up
posibilă	可能的；潜在的；合适的	possible
operatorul	操作的；工作的；营业上的	operating
conturi	报告；解释；估价	account
implică	暗示；意味	to imply, to implicate, to involve
apărării	防卫；防卫设备	defence
rețea	网；网状物；罗网	net, netting, web
verifică	证明；查证；证实	to verify, to check
obiectivele	客观的；如实的；无偏见的	objective
locală	地方性的；当地的；局部的	local
depunerii	存款；定金；堆积物	deposit, sediment
greutate	重；重量；体重	weight, difficulty
intrare	入口；进入点；入场	entrance, entry
producerea	制造；生产；产物	production, work, production
publicitate	名声；宣传；公开场合	publicity, advertising, commercials
problemă	问题；难题	problem, word problem
timiș	蒂米什	Timiș
publicului	公众的；公共的；公立的	public
lungă	长的；长久的；冗长的	long
direcțiile	方向	the directions
instanțelor	建议；情况；例子	instance
treia	三；三个	three
reprezentanți	代表；众议员；典型	representative
frumos	美丽的	beautiful, handsome
convenție	大会；协定；惯例	convention
elementelor	元件；元素；要素	element
titlurilor	头衔；名称；标题	title, title of a book, etc., heading
auto	汽车	car
periculoase	危险的	dangerous, hazardous, perilous
oficiul	办公室；部；公职	office
republicii	共和国；共和政体；团体	republic
viitor	下一个的；其次的；贴近的	next, prospective
capitol	章；篇；重要章节	chapter
obiecte	物体；目标；目的	object
desfășurare	进步；发展；前进	progress, evolution
finală	期末考试；结局；决赛	final
film	电影	movie, film
tabelul	表格	the table
capacității	容量；能力；才能	capacity
mașini	汽车；客车	car, machine
post	绝食；斋戒	fast, fasting
creanțe	债务；罪过	debt
furnizori	供应者；供养人；伙食承办人	provider
cuvânt	话；消息；词	word
pur	纯的；纯净的；纯洁的	pure, clean, clear, mere
jurnalul	日记；杂志；日报	journal, diary
sanitar	卫生的	sanitary
funcțiile	官能；职务；功能	function, use, function
buget	预算	budget
atenția	注意；注意力	attention, care, gift
stabilire	确立；制定；设施	establishment
atestă	证明；表明；作证	to attest
științifică	科学的；系统的；符合科学规律的	scientific
media	平均	the average
bancare	银行；堤；岸	bank, banking
datorează	亏欠；负...债；归功于	to owe, to owe itself
elevilor	学生；研究者；学者	student, schoolboy
cealaltă	其他的；另外的；从前的	the other
realizare	完成；成就；功业	achievement
economiei	经济；理财；节约	economy, economics, savings
constituirea	构成；宪法；体格	constitution, creation
executiv	执行的；善于执行的；善于经营的	executive
respectă	尊敬；注意；遵守	to respect
literatura	文学；文艺；著作	literature
sarcini	负担；重载；担子	burden, load, weight, onus, duty, obligation, task, responsibility, pa…
operatorii	操作的；工作的；营业上的	operating
fundamentale	基本的；重要的；原音的	fundamental
putin	一点	a little
înregistrată	注册的；登记过的；记名的	registered
primei	主要的；最初的；根本的	prime
susținerea	支持；支撑；援助	support
exact	精确的；准确的；精密的	exact, precise
denumit	被指名的；指定的	named
contractuală	契约的	contractual
apa	水；雨水；海水	water
transfer	迁移；移动；传递	transfer
www	万维网	WWW
situate	富裕的；富饶的；浓厚的	rich, wealthy
centru	中心；中心点；中锋	centre
săptămână	星期；周	week
urmărește	看；注视；照顾	to watch
zece	十；十个	ten
domenii	领域；领土；产业	domain, field
vechime	年老；陈腐；陈旧	oldness, antiquity, ancientness, old age
regulile	规则；统治；控制	rule, norm
organizațiilor	组织；结构；团体	organization
performanță	施行；工作情况；成绩	performance
limbă	舌；语言能力；讲话方式	tongue, language
industriale	工业的；供工业用的；工业高度发展的	industrial
justiției	正义；公平；公正	justice, fairness, justice, righteousness
mandatului	命令；指令；要求	mandate
adverse	不利的；敌对的；相反的	adverse
teritoriului	领土；领地；版图	territory
situat	富裕的；富饶的；浓厚的	rich, wealthy
primire	接待；接受；招待会	the act of receiving, reception
ocupă	占领；占(时间、空间等)；住进	to occupy, take up, to take care of, deal with
construcțiilor	建筑；构造；建筑物	construction, building
faci	你做	you do
atingere	动人的；令人同情的	touching
șomaj	失业；失业人数	unemployment
îndată	直接地；立刻；立即	immediately, at once, instantly, just
arătat	展示的	shown
furnizorul	供应者；供养人；伙食承办人	provider
științific	科学的；系统的；符合科学规律的	scientific
comercial	商业的；商用的；商品化的	commercial
infracțiuni	犯罪	offences
locuințe	房子；住宅；机构	house, dwelling, residence, abode, habitat
literară	写字母于；在...上刻字母；用字母标明	to letter
prime	主要的；最初的；根本的	prime
plătit	支付；付清；补偿	to pay
sat	村庄	village, dwelling, field
oricărui	任何的	any, every
interese	兴趣；嗜好；利息	interest
impozabilă	可征税的；应征税的	taxable
beneficia	有益于	to benefit
permită	允许；容许；可能	to permit, allow, to afford, for one’s status to allow one to do somet…
istoric	历史上著名的；有历史性的	historic, historical
introducerea	介绍；传入；采用	introduction
dorește	他想	he wants
entități	实体；实存物；存在	entity
comunicat	公报	communiqué
universitar	大学	university
dispus	准备好的；备用的；可以使用的	ready, willing
înscris	记录；注册；提示	to register, to inscribe, to score
semnătura	签字；识别标志；调号	signature
crește	种植；使长满	to grow, increase, to raise, cultivate
ambulatoriu	回廊	ambulatory
exercițiului	行使；执行；运动	exercise
codului	代码；密码；法规	code
acțiunii	行动；活动；动作	action, share
gestiune	经营；支配；管理	management, administration
studiile	学习；研究；学科	study, higher education, studies, etude
tineri	年轻的；无经验的；朝气蓬勃的	young
inima	心；心脏；中心	heart, soul
primește	收到	receives
continua	继续；延续；延长	to continue
chișinău	希腊语的第22个字母	Chișinău
evoluția	进化；发展；进展	evolution
spitalizare	医院收容；住院治疗	hospitalization
real	真的；真实的；实际的	real
plăți	薪资；付款；补偿	pay, payment, fee, bill
copilul	孩子；产物；追随者	child
stau	假设法	first-person singular present indicative/subjunctive, third-person plu…
grijă	担心；烦恼；忧虑	worry, care, carefulness, attentiveness, meticulousness
rețeaua	网；网状物；罗网	net, netting, web
terenurilor	小块土地；地区图；图	plot of land, terrain, field, pitch
ocupația	职业；占有；占有期	occupation
atenție	注意；注意力	attention, care, gift
transferul	迁移；移动；传递	transfer
sigur	确信；必然的；必定的	sure, certain to be true, safe, secure, sure
noaptea	在晚上	at night
temporar	暂时的；临时的	temporary
deasupra	在上方；超出	above, over, on top of
judecătorească	司法的；法院的；法官的	judiciary
aprobării	赞成；批准	approval
legală	法律的；法定的；合法的	legal, lawful
întreprinderi	企业；事业心；进取心	enterprise, business, concern, undertaking
foc	火；炉火；电炉	fire, blaze
produsul	产品；结果；乘积	product, produce
zice	说；讲；念	to say, tell, to call by a name, to tell on someone
reprezentat	表现；表示；描绘	to represent
rămân	假设法	first-person singular present indicative/subjunctive, third-person plu…
mărfuri	货物	goods, merchandise
categoriile	种类；类项	category
dumitru	姓；别号；绰号	a male given name, a surname
permanentă	永久的；不变的；固定的	permanent
scurtă	短的；近的；矮的	short, short, brief
paragraful	段落；短评	paragraph
privește	看；注意；朝着	to look, gaze, regard, watch, behold, to consider
ix	九（罗马数字）	IX
sprijinul	支持；支撑；援助	support, assistance, aid, succor
totale	全体的；总的；全然的	total
deveni	变成；变得	to become, to reach a place
forței	力量；武力；势力	force, strength, power
efectueze	执行	carry out
producției	制造；生产；产物	production
ultimele	终极的；根本的；极限的	ultimate, final, last
anexele	附件	the annexes
materialele	材料；物资；素材	material
ultimii	终极的；根本的；极限的	ultimate, final, last
sua	美国（缩写）	USA
cerut	要求的；被请求的	requested, asked for
reale	真的；真实的；实际的	real
asociere	协会	association
politici	统治；支配；管理	to govern
plină	充满的；完全的；丰富的	full
structurilor	结构；构造；建筑物	structure
urmărirea	跟踪	the tracking
exista	存在；生存；发生	to exist
principiul	原则；原理；主义	principle
întocmirea	制造；(手工)制造业；制作	making
județului	县；郡	county, jurisdiction
structurii	结构；构造；建筑物	structure
elena	希腊人；希腊语	female equivalent of elen, Greek
universitare	大学	university
comuna	通常的；共同的；通俗的	common, common, normal
semn	符号；招牌；征兆	sign, mark, gesture, indication
grade	程度；度数；学位	degree
autorizație	授权；许可	authorization
criticate	批评	criticized
impozit	税	tax
ha	哈	ha
emiterii	发射；射出；发行	emission
primi	收到；接到；得到	to receive, to get, to accept, acquiesce, to welcome, receive someone
distinct	清楚的；显著的；不同的	distinct
denumită	被指名的；指定的	named
minimă	最小值	minimum
activă	使活动；使激活；正式建成	to activate, to activate, to enable
ședință	会议；会面	meeting, session
teritorial	领土的；土地的；地方的	territorial
rămase	保持；逗留；剩余	to remain, be left, stay behind, to last
funcțiilor	官能；职务；功能	function, use, function
mei	稷；粟；黍	millet
picioare	腿；假腿；路程	leg, foot, leg of a table
delegat	代表	delegate
alegerea	选择；精选品；选择权	choice, choosing, selection, election
paul	. 再会；回头见	bye
indică	显示；象征；指示	to indicate
înlocuiește	代替	to substitute, replace, take the place of, to swap, switch, or exchang…
comisiilor	委任状；任官令；所委职责	commission, board, committee
subordonate	下级的；次要的；附属的	subordinate
afecțiuni	影响；病；喜爱	affection
exercitării	行使；执行；运动	exercise
andrei	安德烈	Andrei
construcție	建筑；构造；建筑物	construction, building
asimilate	吸收	assimilated
salariul	薪水	salary
obligației	义务；责任；约束	obligation
cererile	请求；需要；申请书	request, demand
autorizată	经认可的；经授权的	authorized
spații	位置；空间；距离	space
pierderea	损失；遗失；失败	loss, defeat, bereavement
linie	列；线；绳	line, rank
petru	彼得鲁	Petru
funcțiune	官能；职务；功能	function, use, function
italia	意大利	Italy
independent	独立的；有主见的；不须依赖的	independent, self-sufficient
anuală	每年的；一年一次的；全年的	annual
universitatea	大学	university
aveam	有；怀有；拿	to have, to stand, Used to form other tenses.
întocmite	组成；写作；作曲	to compose, to create, to add, to arrange
concordanță	调和；一致；用语索引	concordance, agreement
periodic	周期的；定期的；间歇(性)的	periodic
factori	因素；因数；系数	factor, postal worker, postman, mailman
opera	操作；运转；动手术	to operate
beneficiarul	受惠者；受益人	beneficiary
crearea	创造；创作物；发明	creation
existenței	存在；生存	existence
carne	肉；餐；食物	meat, flesh, pulp
vamală	海关；关卡；关税	customs
includ	包括；把...算入；包住	to include
contractate	收缩了的；已定约的；契约的	contracted
sarcina	负担；重载；担子	burden, load, weight, onus, duty, obligation, task, responsibility, pa…
cameră	房间；空位；场所	room, chamber
suflet	灵魂；心灵；精神	soul, spirit
convenții	大会；协定；惯例	convention
cunoaște	知道；了解；认识	to know, to be acquainted
noul	新的；陌生的；最近的	new
costurile	成本	the costs
agriculturii	农业	agriculture
internelor	内在的；国内的	internal
diagnostic	诊断	diagnosis, diagnostic
transporturilor	运输；运输工具；激动	transport
clasificate	分类的；被归入某类的；被指定为机密的	classified
disciplină	训练；纪律	discipline
țin	假设法	first-person singular present indicative/subjunctive, third-person plu…
vol	铅；铅条；领导	lead
depășească	超过	exceed
impuse	强迫；执行；坚持	to enforce, to impose
elevi	学生；研究者；学者	student, schoolboy
vreau	假设法	first-person singular present indicative/subjunctive of vrea
deloc	根本；完全	at all, right away
faptului	事实；真实性；真相	fact, deed, event
curând	短的；近的；矮的	short
înscriere	大学入学许可；入学；入学考试	matriculation, entry
știi	假设法	second-person singular present indicative/subjunctive of ști
murit	死亡；消逝；平息	to die
natural	自然的；自然界的；本能的	natural
vede	吠陀经	Veda
afacerilor	生意	business
încălcarea	违犯；侵害；违反	infringement
politica	政治的；政治上的；政党的	political
folosi	使用；利用；运用	to use, employ, to serve, to be of use
utiliza	使用；利用；运用	to use, to utilize
bancă	长椅子	bench
recunoscute	经过验证的；公认的	recognized
sănătatea	健康；卫生；蓬勃	health
supusă	女性；女人；雌性动物	female equivalent of supus
cererilor	请求；需要；申请书	request, demand
ținând	保存；握住；拿住	to hold, to hold on, to be a part of a whole, to be subordinate in a s…
procurorul	实行者；告发者；公诉人	prosecutor
măsurii	尺寸；量度器；量度标准	measure, measurement
semnătură	签字；识别标志；调号	signature
oficială	公务的；官方的；正式的	official
cuantumul	量；数量；总量	quantity
propuneri	提议；计划；求婚	proposal, offer, suggestion, recommendation
apreciază	赏识；鉴别；为...而感激	to appreciate
religioase	宗教性的；虔诚的；宗教上的	religious
salarii	薪水	salary
garantare	保证；保证品；抵押	guaranty
corect	正确的；合适的	correct
grupuri	团体；组；团	a group
organizațiile	组织；结构；团体	organization
veterinar	兽医的	veterinary
propuse	计划；打算；建议	to propose, suggest or recommend
asociat	联合的	associated
col	上校	colonel
titlului	头衔；名称；标题	title, title of a book, etc., heading
mureș	穆列什	Mureș
taxelor	税；税款；重负	tax
veterinare	兽医的	veterinary
atribuire	分配；指派；指定	assigning
austria	奥地利	Austria
brut	总共的；未打折扣的；恶劣的	gross
grupul	团体；组；团	a group
niciun	没有；不是；绝非	no, none of, not any
moldova	摩尔多瓦	Moldova, Moldova, Western Moldavia
alimentelor	食物；养料	food
cunoscute	已知的；有名的	known, well-known, renowned, recognized
analizează	分析	analyzes
deșeurilor	废物	refuse
constituționale	宪法的；立宪的；体质的	constitutional
simplă	简单的；普通的；朴素的	simple
proba	证明；查验；检验	to prove, demonstrate, to try, sample
gestionarea	经营；支配；管理	management
dosarului	档案；卷宗	dossier, folder
declarației	宣告；说明；宣布	declaration
accizabile	应征税的	exciseable
trebuit	需要；需要做	to be necessary, to need to, to have to, to need, to be in need of
vrut	要；希望；应该	to want, Used to form other tenses., Used with an infinitive to form t…
însoțite	公司；友伴；交往	company
exercita	运用；练习；运动	to exercise, to use, to exert, to apply
europei	欧洲	Europe, Europa
nominală	名义上的；名字的；有名无实的	nominal
reține	保持；保有；留住	to retain
provenite	来自的	originating
realitatea	实在；事实；实体	reality
altceva	别的东西	something else
spunea	说；讲；念	to say, to tell
reglementează	管理；控制；调节	to regulate
comunei	通常的；共同的；通俗的	common, common, normal
lunară	阴历的；月的；微亮的(指光)	lunar, monthly
împrumut	贷款；借出	loan
beneficiari	受惠者；受益人	beneficiary
anilor	年；年度；年龄	year
imaginea	影像；肖像；想象	image
domeniului	领域；领土；产业	domain, field
importanță	重要；重要性；重要地位	importance
depus	储存；存放；放置	deposited
cuprind	理解；包括	to comprehend, to contain, comprise, cover, include, encompass, involv…
abrogă	废止；使无效；取消	to rescind, to repeal, to annul
reprezentantului	代表；众议员；典型	representative
probă	块；片；篇	piece of evidence, test, trial, examination, test run
ocuparea	职业；占有；占有期	occupation
adrian	阿德里安	Adrian
rază	光线；射线；闪烁	ray, radius
folosință	使用	use
reguli	规则；统治；控制	rule, norm
definitive	决定性的；确定性的；最后的	conclusive
directe	直接的；坦白的	direct, head-on
finanțării	资助的	of the funding
tineretului	年轻；青年时代；青年们	youth, young livestock, not yet productive
specialiști	专门医师；专家	specialist
recomandă	推荐；介绍；劝告	to recommend
criteriilor	标准；准则；规范	criterion
seamă	报告；解释；估价	account, reckoning, consideration, care
colectiv	集体的；聚集的；共同的	collective
desfășura	展开；打开；披露	to unfold, unfurl, unwrap, open up, to unfold, develop
alege	选择；宁愿；欲	to choose, to select, to elect
veterinară	女性；女人；雌性动物	female equivalent of veterinar
preuniversitar	大学前的	pre-university
cuprinsă	泰然自若的；从容的；被控制的	contained, hugged, rich, wealthy
derularea	进步；发展；前进	progress, unfolding, rewinding
stă	制止；延缓；坚持	to stay, to stand, to sit
riscurilor	冒险；危险；保险额	risk
facem	我们做	we do
noua	第九；九分之一	ninth
terenuri	小块土地；地区图；图	plot of land, terrain, field, pitch
definitiv	决定性的；确定性的；最后的	conclusive
republica	再版；再发布	to republish
grave	墓穴；坟墓；终结	grave
spate	背部；后面	back, back of something, shoulder
font	字体；字形；洗礼盘	font
par	桩；炮烙刑；木柱	stake, club, bat
zilei	天；日子；白天	day
contextul	上下文；背景；来龙去脉	context
privitoare	观众；目击者；旁观者	spectator
părinții	父母；父母亲；根源	parent, term of respect for a priest or other religious individual…, s…
acționează	行动；表演；假装	to act, to activate
ținut	保持的	held
analize	分析	analysis
desfășurată	展开；打开；披露	to unfold, unfurl, unwrap, open up, to unfold, develop
prescripție	处方；命令；指定	prescription
raza	光线；射线；闪烁	ray, radius
primară	获胜；流行；盛行	to prevail, to take precedent
aspect	外观；方面；面貌	aspect, look
ăsta	这；本	this
străini	外国的；外交的；外省的	foreign, strange
locurile	地方；地点；位置	place, location, stead
electoral	选举人的；选举的；(有关)选举的	electoral
structură	结构；构造；建筑物	structure
vehicule	交通工具；车辆；传播媒介	vehicle
înscrierea	大学入学许可；入学；入学考试	matriculation, entry
încadrează	构成；设计；制定	to frame, enframe, harmonize with, to enclose, encircle, to surround…
totodată	同时发生；一齐；同时	simultaneously
ți	给你	to you
cuvântul	话；消息；词	word
pacientului	忍耐的；容忍的；有耐性的	patient
curte	法院；庭院；奉承	court, yard, courtyard, court of law
eveniment	事件；结果；事情的进程	event
închiriere	租费；租金收入	rental, renting
consumului	消费；消费量；痨病	consumption
întreținerea	维护；保持；维修	maintenance
călătorie	旅行；游历；行进	travel
lucrează	工作；劳动；做	to work
convenția	大会；协定；惯例	convention
tatăl	父亲；祖先；长辈	father
larg	宽的；广阔的；普遍的	wide
sistemele	系统；体系；制度	system, the political establishment in Romania, particularly the one…
rog	请求	I request
aparțin	属于；合适	to belong, to be part of, to pertain
dovadă	证据；证明；试验	proof, evidence
rece	寒冷的；冷淡的；冷静的	cold
dosar	档案；卷宗	dossier, folder
medii	平均；平均数；一般水平	average, mean, medium
clasă	班级；阶级；种类	class, grade, year
popescu	祭司的	priestly
linia	排成一行；顺...排列；划线于	to line
marea	大的；重要的	big, large, great, great, mighty
investigații	调查；审查；侦查	investigated, researched
obiectiv	客观的；如实的；无偏见的	objective
ordinii	顺序的	of the order
organisme	生物；有机体；社会组织	organism
directorului	主管；导演；董事	director, principal
simt	假设法	first-person singular present indicative/subjunctive, third-person plu…
vadă	看见；查看；参观	to see, to watch out, to take care, to be seen, to be visible
determinate	坚决的；已下决心的	determined
faptele	事实；真实性；真相	fact, deed, event
arad	阿拉德	Arad
parlamentul	国会；议会	parliament
selecție	选择；选文；精选品	selection
florin	弗罗林(货币)	florin
găsește	找到	finds
câțiva	一些；一部分；若干	some, a little, a few
solicitantul	请求者；征求者	solicitant, asylum seeker
comunitar	公有社会的；鼓吹公有社会的	communitarian
utilizată	使用；利用；运用	to use, to utilize
achiziționate	已购买的	purchased
găsesc	假设法	first-person singular present indicative/subjunctive, third-person plu…
atare	如此的；这样的	such
transmit	假设法	first-person singular present indicative/subjunctive, third-person plu…
emiterea	发射；射出；发行	emission
cursuri	水流；小河；流出	stream, current, flow, duration, course, lecture
rambursare	付还；退还	reimbursement
participat	参加；分享；参与	to participate
uneia	一个的	of one
schimbare	变化；找回的零钱；找头	change
pedepsei	处罚；刑罚；惩罚	punishment, suffering, education
energetice	精力充沛的；积极的	energetic
beneficiarului	受惠者；受益人	beneficiary
oricăror	任何的	any, every
locuinței	房子；住宅；机构	house, dwelling, residence, abode, habitat
fii	存在	to be, to feel, to be it in a game of tag
ajutorului	帮忙；帮助者；补救办法	help!
proiectele	计划；设计；事业	project, projection, plan, design, draft
echivalent	同等物；等价物；相等物	equivalent
pescuit	钓鱼；鱼业	fishing
sintagmei	结构体；结构段；语段	syntagma, phrase, expression
modului	模态；调式；样式	mode, fashion, style, way, mode, mood
asistent	助手；助理；助教	assistant, wizard
opinia	意见；评价；主张	opinion
atît	如此；如是；如...那样	so, so much
modificate	改良的；改进的；修改的	modified, adjusted
privesc	看；注意；朝着	to look, gaze, regard, watch, behold, to consider
încercat	试验过的；可靠的	tried
cetățeni	市民；公民	citizen
operatorului	操作的；工作的；营业上的	operating
literar	文学的；文艺的；精通文学的	literary
reședința	住宅；居留；驻扎	residence, habitation, dwelling, abode
învățământului	课；课业；教训	lesson, teaching, the education system
creat	创造的	created
modifica	改变；更换；兑换	to change, alter or modify
plăti	支付；付清；补偿	to pay
rapid	快速的；紧的	fast, quick, rapid, swift, speedy, prompt, expeditious
plante	植物；作物；工厂	plant
trimite	发送；使进入；寄	to send
interesele	兴趣；嗜好；利息	interest
doză	剂量；服用量	dose, can
celule	单元；细胞；电池	cell
documentului	文件；公文；文档	document
presă	压；揿；按	press
contribuției	捐助；捐助之物；贡献	contribution
maxime	最高的；最大的；最大极限的	maximum
funciară	陆地；地面；地界	land, property, fundamental, basic
relațiilor	关系；联系；叙述	relation, relationship
contractantă	签契约的一方；订约人	female equivalent of contractant
mobiliare	财产；所有权；性质	property
scrisoare	信；字母；证书	letter
achiziții	获得；获得物	acquisition
constatate	注意；觉察	noticed
incidența	发生；发生率；影响	incidence
pedepsește	处罚；惩罚；严厉对待	to punish, chastise, to educate
forța	强迫；强夺；推动	to force, to oblige
totalul	总数	the total
restul	休息；睡眠；安息	rest
seara	在晚上	in the evening, every evening
evident	明显的；明白的；显然的	obvious
soția	妻子；太太；夫人	wife
supus	奴隶的；奴性的；卑屈的	servile
crede	相信	to believe, to guess, to believe, to think
rezerva	保留；保存；预订	to reserve
aduc	假设法	first-person singular present indicative/subjunctive, third-person plu…
planului	计划；方案；策略	plan, plane
apărarea	防卫；防卫设备	defence
înalt	高的；长的；夸大的	tall, high
caracterul	个性；字符；人物	character, characteristic
degrabă	立刻；不犹豫地；不延迟地	forthwith, without delay, soon, after little time
radio	无线电；收音机；无线电报	radio
întrebări	问题；询问	question
contabil	负有责任的；可说明的；可解释的	accountable
bunului	好的；优良的；上等的	good
concursului	竞赛；争论	contest, competition
majore	主要的；较多的；大部分的	major
minte	思想；愿望；智力	mind, sense, judgement, wisdom, learning, knowledge
biserica	教堂；礼拜；教会	church
constituțională	宪法的；立宪的；体质的	constitutional
investițiilor	投资	investment
candidaților	候选人；投考者	candidate
obținerii	达到	attainment
competențelor	胜任；职称；能力	competence, competency
anterioară	早先的；前面的；过急的	previous
lapte	牛奶	milk
chimice	化学的；化学上用的	chemical
responsabil	有责任的；负责的；责任重大的	responsible, answerable, liable
formulate	表述的	formulated
operatorilor	操作的；工作的；营业上的	operating
organism	生物；有机体；社会组织	organism
prioritate	优先权；优先	priority
prestate	提供的	rendered (services)
sancționează	制定制裁规则；认可；核准	to sanction
exterior	外部；表面；外貌	exterior
soluții	解决；解答；溶液	solution
imagine	影像；肖像；想象	image
mie	千	thousand
metoda	方法	the method
permis	执照；许可证；特许	license, permit, short for permis de conducere
comerț	商业；商务；贸易	commerce, trade
dobânzii	兴趣；嗜好；利息	interest
centrele	中心；中心点；中锋	centre
merge	走路；步行；处世	to walk, to move, to go
element	元件；元素；要素	element
cuprindă	理解；包括	to comprehend, to contain, comprise, cover, include, encompass, involv…
pas	步骤；步；步幅	step, pace, footstep, stride, step, gait
depozitare	存储器；储藏；保管	storage
biroului	局；办公处	bureau, desk, office
srl	有限责任公司（缩写）	LLC
birou	局；办公处	bureau, desk, office
viitoare	或；或者	female equivalent of viitor
urmăririi	跟踪的	of the tracking
absolut	绝对的；专制的；完全的	absolute
rusia	俄国；俄罗斯	Russia
camera	房间；空位；场所	room, chamber
tratatul	条约；谈判	treaty, treatise
auzit	听；听觉；听讯	hearing
acești	这；本	this
transmis	传送的	sent
medicament	药；医学；内科	medicine, drug, medication
securității	安全；安全性；防护物	security
menține	维持；维修；保持	to maintain, hold out, keep up, to abide by
necesitatea	需要；必需品；必然	necessity, need
principiu	原则；原理；主义	principle
cunoscută	短尾；可鄙的家伙	female equivalent of cunoscut
răspund	假设法	first-person singular present indicative/subjunctive, third-person plu…
datorată	亏欠；负...债；归功于	to owe, to owe itself
controlează	控制	controls
idei	主意；办法；理想	idea
roman	小说；长篇故事	novel, epic
cadru	框；结构；体格	frame
măsurare	尺寸；度量；度量单位	measurement
înaltă	高的；长的；夸大的	tall, high
dragoste	爱；恋爱；爱情	love
cerințe	需求；必要条件；要求	requirement, text of a question, a problem, an exercise, which specifi…
cuvintele	话；消息；词	word
limbii	舌；语言能力；讲话方式	tongue, language
calificare	资格；条件；限制	qualification, qualifying round, heat
băncii	长椅子	bench
duc	假设法	first-person singular present indicative/subjunctive, third-person plu…
notificare	通知；通告；告示	notification
prealabil	更重要的；较早的；在先的	prior
destinat	(被)建立的；固定的；既定的	established, determined, destined, dedicated to, intended for
lunare	阴历的；月的；微亮的(指光)	lunar, monthly
zilnic	每日的；日常的	daily
respectării	尊敬；尊重；问候	respect
exploatarea	开发；开采；剥削	exploitation
formează	组成	forms
centre	中心；中心点；中锋	centre
tariful	关税；关税表；价格表	tariff, rate, price
clipă	片刻；瞬间；重要	moment, instant, second, blink of an eye
semnificative	重要的；有效的；有含义的	significant
populație	人口；人口数	population
certificare	证明	certification
iată	突然；意外；忽然	look!, see!, behold!, suddenly, unexpectedly, without warning.
judecătorilor	法官；裁判员；审判官	judge, justice, magistrate
depun	假设法	first-person singular present indicative/subjunctive, third-person plu…
aplicată	应用的	applied
însăși	她自己；她亲自	herself
hristos	基督；救世主	Christ
referitor	谈及；提交；谘询	referring
constatat	注意；觉察	noticed
șapte	七；七个	seven
susținut	持续的；持久不变的；持久的	sustained, supported
echipamentelor	装备；设备；才能	equipment
anumitor	某些的	of certain
țină	保存；握住；拿住	to hold, to hold on, to be a part of a whole, to be subordinate in a s…
dolari	美元；元(加、澳等国货币单位)	dollar
patrimoniul	祖传的财物；继承物	patrimony
mihail	酿造酒；酝酿	a male given name from Hebrew
preluate	接收；接管	to take over
elevii	学生；研究者；学者	student, schoolboy
mandat	命令；指令；要求	mandate
rutiere	公路的	road (adj.)
independente	独立的；有主见的；不须依赖的	independent, self-sufficient
cărții	书；书籍；帐簿	book, card, a letter, missive
poezie	诗；韵文；诗歌艺术	poetry, poem
politicii	政治的；政治上的；政党的	political
înmatriculare	大学入学许可；入学；入学考试	matriculation
prezentele	现在时	present tense
practice	实践；实行；练习	to practise
școala	学校；鱼群；门派	school
vei	用意志的力量驱使；决意；愿意	will
declarații	公告的；公然的	declared
vizează	对准目标；致力；打算	to aim, to apply a visa
discuție	讨论	discussion
costul	成本	the cost
postului	绝食；斋戒	fast, fasting
caracteristicile	特性；特征；特色	characteristic, trait, feature, characteristic
terenului	小块土地；地区图；图	plot of land, terrain, field, pitch
prezenți	现在时	present tense
permanente	永久的；不变的；固定的	permanent
muzică	音乐；乐曲	music
colegiul	学院；大学；学会	college
întreg	所有的；完整的；完全的	whole, entire, full, complete, intact
valutar	货币；通货；流通	currency
alb	白色的；纯洁的；白种的	white
particular	私人的；秘密的；私立的	private
doresc	假设法	first-person singular present indicative/subjunctive, third-person plu…
încearcă	试；尝试；试验	to try, to attempt
raportarea	报道	reporting
numiți	假设法	second-person plural present indicative/subjunctive, second-person plu…
vreun	一些；一部分；若干	some, any
corpului	身体；人；尸体	body
constanța	坚定不移；持久不变	constancy
cultura	文化；修养；耕种	culture
nivelului	水平；水准；平地	level, height, spirit level
probelor	块；片；篇	piece of evidence, test, trial, examination, test run
termeni	术语；专有名词；期限	term, terms, conditions
frumoasă	骨；孔；穴裂口	female equivalent of frumos
începerea	开始	beginning
verde	绿色的；未成熟的；新鲜的	green
noștri	我们	we
luată	取得；捕获；进款	taking
devin	假设法	first-person singular present indicative/subjunctive, third-person plu…
anularea	无效；废弃；取消	nullification, cancellation
rețele	网；网状物；罗网	net, netting, web
licenței	执照；许可证；特许	license
critică	集成电路	female equivalent of critic
asiguraților	被保险人	insured
îmbunătățirea	进步；改善；利用	improvement
televiziune	电视	television
subiect	科目；主题；臣民	subject, subject, topic, theme
adoptă	采用；正式通过；收养	to adopt
medici	医学的；内科的；药的	medical
alcool	酒精；酒	alcohol
reprezentată	表现；表示；描绘	to represent
vină	罪行；内疚	guilt, fault, cause
tratat	条约；谈判	treaty, treatise
semnificativ	重要的；有效的；有含义的	significant
completare	完成	completion
registru	寄存器；记录；登记簿	register
taxele	费用	the fees
pădurilor	森林；林区	forest
titularul	持有人；所有人；支持物	holder
case	房子；住宅；机构	house, dwelling, building, casă de schimb – bureau de change
industria	勤劳；工业；企业	industry
deschisă	开着的；开放的；开阔的	open, opened
cota	引述；举证；报(价)	to quote, list
resursele	资源；财力；办法	resource
populația	人口；人口数	population
formele	形状；形体；类型	form
examenul	考试；测验	exam, examination, test
treilea	第三	third
sticlă	玻璃；玻璃杯；透镜	glass, bottle
obligată	受约束的；装有封面的；有义务的	bound, obliged, forced
metodă	方法；办法；条理	method
deciziilor	决定；决心；决断	decision, determination, resolution
depună	存放；堆积	to deposit, to lodge, to lay or set something down
cm	厘米	centimeter
odată	一次；曾经；一旦	once, one time, one day, Expresses impatience: already.
judecătorul	法官；裁判员；审判官	judge, justice, magistrate
reparații	纠正；补救	repaired
județ	县；郡	county, jurisdiction
presiune	压；榨；按	pressure
cauze	原因；目标	cause
constitui	构成；组成；任命	to constitute
lupta	战斗	to battle, to fight
plăților	薪资；付款；补偿	pay, payment, fee, bill
sediu	总部；司令部；总部人员	headquarters
comisie	委任状；任官令；所委职责	commission, board, committee
calculul	结石；微积分学	calculus, calculation, computing
bugetar	预算的	budgetary
experiența	经历；经验；体验	experience
beneficiarilor	受惠者；受益人	beneficiary
bărbați	男人；人类；人	man
republicata	再版；重新发表；重订遗嘱	republished
amtsgericht	（德语）地方法院	German local court
recurs	求援；求助；追索权	recourse, appeal
deschiderea	开始；口子；穴	action or incidence of opening, opening, aperture, commencement, begin…
încheia	最后...	to conclude, end, wrap up, wind up, close, to combine, unite, to faste…
standardele	标准；规格；旗	standard
reală	真的；真实的；实际的	real
instalațiile	安装；装置；就职	installation
termică	热的；热量的；温泉的	thermal
ana	年；年度；年龄	year
formularul	形状；形体；类型	form
normale	正常的；正规的；标准的	normal
corp	身体；人；尸体	body
domnului	先生	mister, Mr., sir, polite term for a man, master, hospodar
acoperirea	覆盖物；掩蔽物	covering
regulilor	规则；统治；控制	rule, norm
ajutorul	帮忙；帮助者；补救办法	help!
seară	傍晚；晚间；末期	evening
unică	独一无二的；独特的；稀罕的	unique
agricol	农业的	agricultural, agrarian
judiciară	法庭的；公正的；审判上的	judicial
vehiculelor	交通工具；车辆；传播媒介	vehicle
gata	准备好的；备用的；可以使用的	ready, willing, done
for	论坛；公开讨论的广场；法庭	forum
grupa	聚合；成群	to group
absența	缺席；缺乏；没有	absence
aplicat	应用的	applied
proporțional	比例的；相称的	proportional
contribuie	有助于；捐助；投稿	to contribute
nota	备注	note
creditelor	信用；信任；荣誉	credit
înțelegere	理解；谅解	understanding, agreement, insight
executate	执行（法令）；（按计划或设计）作成；履行	executed
du	做；进行；完成	do
accizelor	(烟、酒等)消费税；货物税；国产税	excise
compensare	补偿；赔偿金；工资	compensation
studiul	学习；研究；学科	study, higher education, studies, etude
comunicații	交流；交通；通讯	communication
infrastructurii	基础设施的	of the infrastructure
asigurate	被保险人	insured
galați	加拉茨	Galați
vorbește	说；说话；演说	to speak, to talk
examinare	考试；测验；审查	examination
fabricație	制造；生产；产物	production
nerambursabile	不可退款的	non-refundable
redusă	减少的；简化的；缩减的	reduced, diminished
metri	公尺；格律；韵律	metre
instruire	指令；教导；命令	instruction, education
găsi	发现；感到；找到	to find, to be situated
asociații	协会	association
mondial	全世界的	worldwide
adjunct	副手；代理人	deputy
calendaristic	日历；日程表	calendar
puterii	力量；实力；强度	strength, power, forces
legată	系	tied, bound
femeile	女人；妇女；女仆	woman, wife, family
adecvat	适当的	appropriate
dorința	希望；愿望；祝愿	wish, desire, desirousness
consumul	消费；消费量；痨病	consumption
diferențele	不同；差异	difference
inginer	工程师；工兵	engineer
garanții	保证人	guarantor
trafic	交通；通行；运输	traffic
perspectiva	远景；透视感；(观察问题的)视角	perspective, prospect
interior	内部；内政	interior
morții	死的；不活泼的；麻木的	dead
deciziile	决定；决心；决断	decision, determination, resolution
exprimate	表达；（用符号等）表示；榨	expressed
termenii	期限（复数）	the deadlines
spună	说；讲；念	to say, to tell
acordului	一致；调和；协定	accord
petre	彼得	Petre
prețului	价格；代价；价值	price
franceză	女人；妇女；女仆	a French woman
acorduri	一致；调和；协定	accord
consiliilor	委员会的	of the councils
agenți	代理商；政府代表；动原	agent
titularului	持有人；所有人；支持物	holder
normă	基准；模范；标准	norm
limitată	有限制的；有限的；有限责任的	limited
albă	女人；妇女；女仆	female equivalent of alb: white woman
en	英语（缩写）	English (abbrev.)
zbor	飞行；射程；逃走	flight
di	如果；是否；无论何时	if, if only, that
conformitate	遵照；适合；一致	conformity
valorificarea	资本化；资本总额；本金化	capitalization
supune	使服从；使遭受	to subject to, subdue, subjugate, force, oblige, coerce, to defeat, va…
conducerii	行为；举动；指导	conduct, leadership
prețurilor	价格；代价；价值	price
unuia	一个的	of one
exprimă	表达；表示；表露	to express, to voice, state, to show, manifest, represent, set forth i…
gen	类型；样式；典型	type, sort, kind, way of being, manner, attitude, genre
bărbat	男人；人类；人	man
esențiale	必要的；重要的；本质的	essential
garanției	担保；抵押品；保证书	guarantee
militară	焦油；柏油；水手	female equivalent of militar
implementării	安装启用；实行；履行	implementation
soluționează	解决；付给；溶解	to solve
secundare	帮助；协助	assist
ansamblu	全体；合唱曲；(女人的)全套服装	ensemble
proprietari	拥有者；物主；所有人	owner of an asset, master
desemnate	特指的；指定的	designated
potențial	潜在性；可能性；潜力	potential
reduce	减少；分解；降低	to reduce, to lessen
normală	学校；鱼群；门派	pedagogical school
insulină	胰岛素	insulin
știa	知道；了解；认识	to know
imobil	不动产	real estate, immovable
producător	生产者；制作者；制作人	producer
administrat	管理人；行政官	administrator
informatic	信息学的	computer-related
emisă	射出的	emitted
rurale	乡下的；田园的；乡村风味的	rural
individuală	个别的；个人的；独特的	individual
interval	间隔；距离；间歇	interval
influența	影响；改变	to influence
oferite	提供；出价；奉献	to offer
administrează	处理	to manage, to run, to administer, to administer, to give
cazare	膳宿；预订铺位；适应性调节	accommodation
aflată	找出；发现；想出	to find out, get wind of, to recognize, to be placed or situated
aceluiași	一样；同上；俱	the same
specii	种；类；外形	species, kind, type, sort
derulării	进步；发展；前进	progress, unfolding, rewinding
celeilalte	其他的；另外的；从前的	the other
descrierea	描述；说明；种类	description
abilitate	能力；才干	ability
engleză	英语	English
mâinile	手；爪；指针	hand
doamna	淑女；夫人；女士	lady, polite term for a woman, madam, ma'am, mistress, official title…
mers	去；离去；工作情况	going, walking, movement, pace, gait
prevenire	阻止；妨碍；预防	prevention
locuitori	居民；常驻程序；居住者	resident, inhabitant
retragerea	提款；撤退；退回	withdrawal
corespunde	符合；通信；相当	to correspond
pace	和平；和约；治安	peace
bolii	使苦恼	to ail
est	东方；东	east
bisericii	教堂；礼拜；教会	church
examenului	考试；测验	exam, examination, test
organizației	组织；结构；团体	organization
mențiunea	提到；言及；陈述	mention
istoriei	历史；过去；经历	history, story
dispuse	安排；排列；达成协议	to arrange, order, place, to decide, to command
specificate	指定的	specified
contractant	立契约的人；承包商	contractor
întreprinderilor	企业；事业心；进取心	enterprise, business, concern, undertaking
moldovean	摩尔达维亚人的；摩尔达维亚的	Moldavian
libertatea	自由；特权；许可	liberty, freedom
stabilirii	确定的	of the determination
folosește	使用	uses
ex	前	former
pierdere	损失；遗失；失败	loss, defeat, bereavement
corectă	正确的；合适的	correct
comandă	命令；指挥；控制	command, order, order, command
pedeapsa	处罚；刑罚；惩罚	punishment, suffering, education
contractanta	签契约的一方；订约人	female equivalent of contractant
deșeuri	废物	refuse
place	喜欢	is pleasing
adoptarea	采用；采纳；收养	adoption
frontieră	边界；边境	frontier
eugen	锡；马口铁；罐头	a male given name from Latin, feminine equivalent Eugenia, e…
titular	持有人；所有人；支持物	holder
conexe	连接的；连贯的；有联系的	connected
expres	明确的；丝毫不差的；专门的	express
oferit	提供；出价；奉献	to offer
angajați	雇用；使用；使从事于	to employ, hire, to get hired, to commit oneself
similar	相似的；类似的	similar
contencios	好争吵的；爱争论的；有异议的	contentious
ordinului	次序；规则；命令	order, command, order
încredere	信任；信赖；相信	trust, faith, confidence
păstra	保持；保存；遵守	to keep, preserve, hold, maintain
existat	存在；生存；发生	to exist
introduse	插入；把(人造卫星)射入(轨道)；添写	to insert, to establish, enact
carol	卡罗尔	Carol
problemelor	问题；难题	problem, word problem
roșu	红的；红色的；红肿的	red
coordonare	同等；协调	coordination
declară	宣布；声明；申报	to declare
lipsă	缺席；缺乏；没有	absence, lack, want, deficiency
prealabilă	更重要的；较早的；在先的	prior
finalizarea	完成	completion
singura	单身的；单程的；单一的	single, only, sole, alone, solitary, single
literaturii	文学；文艺；著作	literature
agricultură	农业	agriculture
specialist	专门医师；专家	specialist
naturii	自然；大自然；本性	nature
moderne	现代的；时髦的	modern
recunoscut	经过验证的；公认的	recognized
pagini	页；记录；事件	page
per	每	per
formula	用公式表示；明确叙述；制订	to formulate
internet	互联网	internet
patrimoniului	祖传的财物；继承物	patrimony
solicitării	请求；需要；申请书	request
aveți	假设法	second-person plural present indicative/subjunctive, second-person plu…
miliarde	十亿；十亿个	billion
teatru	戏院；电影院；剧场	theatre
închis	关闭的；限于少数人的	closed, shut, unopened, dark, cloudy, sullen, sulky, dull, reserved
ieșit	出局	going out, departure
obligate	受约束的；装有封面的；有义务的	bound, obliged, forced
promovare	晋级；创建；增进	promotion
salariale	薪水	salary, wages
afectează	影响；感动；假装	to affect
negative	否定的；消极的；负的	negative
jur	环境；周围的事物	surroundings, vicinity
literatură	文学；文艺；著作	literature
aducă	假设法	first-person singular present indicative/subjunctive, third-person plu…
piese	块；片；篇	piece, play, song
clase	班级；阶级；种类	class, grade, year
formată	格式化	to format
afectate	假装的；做作的；受影响的	affected
uitat	遗忘；忘记	forgetting
zise	说；讲；念	to say, tell, to call by a name, to tell on someone
pensie	养老金；退休金；津贴	pension, alimony
valabilă	有确实根据的；有法律效力的；正当的	valid
înțelesul	含义	the meaning
oară	时间；时侯；时机	a time, instance
prelucrarea	处理	the processing
infracțiune	犯罪	offence
corpul	身体；人；尸体	body
atestare	证明；证据；证词	attestation
reacții	反应；反作用；反动	reaction
siguranței	确定；确实的事情	certainty, sureness, surety, safeguard, security, electricity, power…
redus	减少的；简化的；缩减的	reduced, diminished
legile	法律；法则；定律	law, religion, belief, credence
protejate	受保护的	protected
flori	金发的	blond, or with reddish-blond hair
cnas	国家医保局（缩写）	CNAS (health insurance)
copia	复印；抄袭；复制	to copy, to cheat on a test
substanță	物质；实质；主旨	substance
trec	假设法	first-person singular present indicative/subjunctive, third-person plu…
rețelei	网；网状物；罗网	net, netting, web
inițiale	字首；首字母	initial
intereselor	兴趣；嗜好；利息	interest
reducere	减少；缩影；变化	reduction, discount
leasing	说谎	leasing
negru	黑色的	black, dirty, grimy
cercetarea	搜寻；查究	search, examination, research
iubire	爱；恋爱；爱情	love, fondness
privirea	一看；神色；样子	look, gaze
entității	实体；实存物；存在	entity
colective	集体的；聚集的；共同的	collective
dobânzi	兴趣；嗜好；利息	interest
modificării	修正；修饰；修改	modification
numeric	数字的；数值的；以数字表示的	numerical
vrei	假设法	second-person singular present indicative/subjunctive, second-person s…
înlocuită	替代；更换	replacing
întâmplă	发生；发生；恰巧	to happen, occur
animală	动物	animal, animalistic, brutal
context	上下文；背景；来龙去脉	context
permit	允许；容许；可能	to permit, allow, to afford, for one’s status to allow one to do somet…
prezentată	递交；主张；屈服	submitted, presented
întrebat	问；要求	to ask, to wonder
prelucrare	处理	processing
trecere	通道；通过；移居	the act of passing, passage
tudor	（美）国家情报局；（美）全国老年研究所	a male given name in Romania, and occasionally also a surnam…
pierde	遗失；损失；丢失	to lose, to be or become lost, to waste
managementul	经营；支配；管理	management
avocat	律师	lawyer, attorney, barrister
organismele	生物；有机体；社会组织	organism
acid	酸的；酸性的；尖刻的	acid, acidic
spiritul	精神；心灵；灵魂	spirit, ghost, essence, psyche, wit, genius
administrativă	管理的；行政的	administrative
footnote	脚注	footnote
bolnavilor	不舒服；有病的；恶心的	sick, ill
verifica	证明；查证；证实	to verify, to check
conflict	战斗；冲突；矛盾	conflict
încheiere	结束；终点；目标	the act of buttoning up, end, conclusion, close, settlement
efectul	效果	the effect
imobilului	不动产	real estate, immovable
prezentare	赠与；描述；介绍	presentation
înapoi	向后地	back, backwards
fizic	身体的；物质的；自然的	physical
libere	自由的；享受政治权力的；允许的	free, at liberty
cronică	年代记；记录；编年史	chronicle
solicitant	请求者；征求者	solicitant, asylum seeker
craiova	克拉约瓦[罗马尼亚西南部城市]	Craiova
diferențe	不同；差异	difference
semnează	签名；打手势表达	to sign
arme	手臂；袖子；狭长港湾	arm, weapon, gun, rifle
interzisă	被禁止的	forbidden
soțul	丈夫；管理人；节俭的人	husband
responsabile	女性；女人；雌性动物	female equivalent of responsabil
instanțele	建议；情况；例子	instance
funcționarilor	办事员；职员；文书	office clerk
hotărârilor	决定；决心；决断	decision, determination, resolution
entitate	实体；实存物；存在	entity
contabilitate	会计工作；会计学	accountancy
reprezentanților	代表；众议员；典型	representative
suceava	苏恰瓦	Suceava
simple	简单的	simple
constituită	建立；指定；（合法或正式地）成立	constituted
primesc	假设法	first-person singular present indicative/subjunctive, third-person plu…
inventar	详细目录；存货清单	inventory
singurul	单身的；单程的；单一的	single, only, sole, alone, solitary, single
secretarul	秘书；书记；大臣	secretary
caracteristici	特性；特征；特色	characteristic, trait, feature, characteristic
semne	符号；招牌；征兆	sign, mark, gesture, indication
daniel	丹尼尔	Daniel
așteaptă	等待	waits
asigurată	女性；女人；雌性动物	female equivalent of asigurat
școlii	学校；鱼群；门派	school
documentației	(总称)文件	documentation
aparate	装置；设计；策略	device, system, apparatus
texte	文本；正文；课文	text
instrument	工具；手段；仪器	instrument
bruxelles	布鲁塞尔	Brussels
securitatea	安全；安全性；防护物	security
ibidem	同前；如上	ibidem
depusă	储存；存放；放置	deposited
producători	生产者；制作者；制作人	producer
trimestrial	季度的；按季度的；每季的	quarterly
numerar	现金	cash
ionescu	姓；别号；绰号	a surname
organiza	组织；有机化；给予生机	to organise, to arrange
indicatori	指示器；指示剂；指标	indicator
deschide	打开；公开；开放	to open, to unlock, to turn on
scutire	解除；免除；免税	exemption
folosită	使用过的；二手的；习惯的	used
străin	外国的；外交的；外省的	foreign, strange
ștampila	盖章于；顿足；贴上邮票	to stamp
exprimat	表达；（用符号等）表示；榨	expressed
capăt	终止；结束；结果	termination, end, extremity
frecvent	时常发生的；频繁的；快速的	frequent
spitalului	医院	hospital
solicite	请求；乞求；招揽	to solicit
părinți	父母；父母亲；根源	parent, term of respect for a priest or other religious individual…, s…
continuat	继续；延续；延长	to continue
fabricarea	制造；建造；虚构的谎言	fabrication
beneficiarii	受惠者；受益人	beneficiary
devină	猜测；臆测	to guess
veche	老的；旧的；古老的	old
impozite	税；税款；重负	tax
tone	吨	ton
făcând	要做某事	to do, act, to make, to cause someone to do something
imagini	影像；肖像；想象	image
autorizații	授权；许可	authorization
grav	庄重的；严肃的；重大的	grave, serious, critical, important, weighty, severe, stern
administrate	女性；女人；雌性动物	female equivalent of administrat
recunoașterea	赞誉；认得；识别	recognition, reconnaissance
dreapta	权利；右边；正义	right, the right
dreptate	正义；公正；正直	righteousness, fairness, justice, rightness, correctness
localitate	地方；所在；位置	locality
abrogată	撤销；废除	repealed
apartamente	房间；公寓	apartment
numită	被称为；公认为	known as
identificate	被认同者；经鉴定的；被识别的	identified
piatră	石头；宝石；果核	stone
procurorilor	实行者；告发者；公诉人	prosecutor
părinților	父母；父母亲；根源	parent, term of respect for a priest or other religious individual…, s…
debitul	借方；借	debit
terenul	小块土地；地区图；图	plot of land, terrain, field, pitch
puternică	强壮的；坚固的；坚强的	strong
direcție	方向；指导；趋势	direction
aleși	选定的	chosen
contabilă	人名；(西)阿维尔	female equivalent of contabil
fix	固定的；不变的	fixed
ușa	门	door
comunice	显露；传达；感染	to communicate, to correspond, to convey
folosesc	假设法	first-person singular present indicative/subjunctive, third-person plu…
posturilor	绝食；斋戒	fast, fasting
schimbat	变化的；改变的	changed
aparatul	装置；设计；策略	device, system, apparatus
ponta	蓬塔	Ponta (surname)
costuri	成本	costs
tehnici	技巧；技术；方法	technique
completa	完整的	complete
alineat	段落；短评	paragraph of a law, indentation
reținut	平静的；冷静的	calm, moderate, reserved
operațional	操作的；运作的	operational
marginea	边缘；尖锐；刀刃	edge, margin, border, limit
dispozitivelor	装置；设计；策略	device
poporului	人；人民；民族	a people, nation, a multitude
legat	系	tied, bound
soluția	解决；解答；溶液	solution
lucrarea	工作；劳动；职业	work, labor, a piece of written work, for example, an academic monogra…
observat	觉察到；遵守；注意到	to observe
incluzând	包括；把...算入；包住	to include
deosebite	不同的	different, distinct, special, unusual, remarkable, prominent, distingu…
înaintează	前进；发生	to go forward, go on its way, to promote, to put forward
disciplinare	训练；（通过训练和监督）使有纪律；处罚	disciplining
standardelor	标准；规格；旗	standard
cuvenite	到期的；应得的；应付的	due
administrator	管理人；行政官	administrator
sfera	球；球面；球体	sphere
admise	承认；接受；允许进入	to admit, to allow, permit
american	美国的；美洲的	American
nave	船；舰	ship
pacient	忍耐的；容忍的；有耐性的	patient
păstrarea	保管；供养；一致	keeping, preservation
beneficiare	女性；女人；雌性动物	female equivalent of beneficiar
votare	投票；选举	voting
ansamblul	全体；合唱曲；(女人的)全套服装	ensemble
costurilor	成本的	of the costs
aerian	空中的；航空的；空气的	aerial
calculată	有计划的；适当的；适合的	calculated, prudent
orele	小时；钟头；时间	hour, class
certificatelor	证书；证明书	certificate
instrucțiuni	指令；教导；命令	instruction
întregul	所有的；完整的；完全的	whole, entire, full, complete, intact
efectelor	结果；影响；效果	effect
plățile	薪资；付款；补偿	pay, payment, fee, bill
expresia	表达；表现；词语	expression
bolilor	疾病；弊病	disease, sickness, illness
fructe	水果；果类；结果	fruit
aparatului	装置；设计；策略	device, system, apparatus
suspendare	悬挂；暂停；中止	suspension
datorii	负债的；受惠的	indebted, obliged, owing money
atâta	那么多；全是	so much
trezorerie	国库；宝库；财政部	treasury
descoperit	发现的	discovered
posibile	可能的；潜在的；合适的	possible
comisiile	委员会（复数）	commissions
răspunsul	反应；回答；响应	response, answer
conducătorul	领导者；社论；指挥	leader, ruler, driver, conductor
apele	水；雨水；海水	water
căi	后悔；懊悔；忏悔	to repent
deosebită	不同的	different, distinct, special, unusual, remarkable, prominent, distingu…
energia	能量	the energy
banii	金钱；一笔款；财富	money, ban
cristian	克里斯蒂安	Cristian
veni	未来地	to come
pierderi	损失；遗失；失败	loss, defeat, bereavement
bacău	浆果	berry
adoptat	被收养的；被采用的	adopted
iisus	耶稣	Jesus
gestionare	经营；支配；管理	management
etapă	阶段；舞台；场所	stage
marcat	有记号的；显著的；醒目的	marked
eficiență	效率；效能；功效	efficiency
pusă	放；摆；安置	to put, to plant for cultivation, to lie or seat oneself
cantitățile	量；数量；总量	quantity, amount
instrumentelor	工具；手段；仪器	instrument
comunitară	公有社会的；鼓吹公有社会的	communitarian
substanțelor	物质；实质；主旨	substance
admitere	进入；进入权；准许进入	admittance
complete	完全地；十分地；圆满地	completely
accidente	意外事件；机遇；事故	accident
astea	这；本	this
accesului	通路；入口；接近	access, fit, attack, access
primului	主要的；最初的；根本的	prime
asiguratului	被保险人	insured
gradului	程度；度数；学位	degree
furnizează	提供；供应；规定	to provide
construit	建造的	built
marin	海的；海产的；海底的	marine
inculpatului	被告	defendant
salariaților	员工的	of the employees
aplice	涂；应用	to apply
perfecționare	进步；改善；利用	improvement
datorat	亏欠；负...债；归功于	to owe, to owe itself
teritoriu	领土；领地；版图	territory
eliberare	释放；发泄；豁免	release
însoțit	公司；友伴；交往	company
tehnologice	技术的	technological
școli	教育；训练；培养	to school
contribuții	捐助；捐助之物；贡献	contribution
scăzut	降低；削弱	lowered, reduced
întors	回来；返回；来回票	return, returning, coming back, overturning, reversal, ploughing
scenă	场；情景；镜头	scene
conforme	根据；按照；取决于	according to
arăta	表示；显示；展现	to show, to point out, to look
înalta	高的；长的；夸大的	tall, high
intervenit	插入；调停；干涉	to intervene, to interfere, to come between
cetățenii	市民；公民	citizen
oferta	提供；出价；奉献	to offer
xix	十九（罗马数字）	XIX
vorbit	口头讲的；口语的	spoken, said
acorde	一致；调和；协定	accord
plătește	支付；付清；补偿	to pay
restituirea	归还；偿还；赔偿	restitution
consultanță	商量；协商；磋商	consultancy
noroc	运气；幸运；好运	luck
faza	时期；局面；方面	phase
registrului	寄存器；记录；登记簿	register
anunțat	宣布的	announced
echipa	装备；配备	to equip
garantate	有保证的；有人担保的	guaranteed
conțină	包含；容纳；控制	to contain
intervalul	间隔；距离；间歇	interval
informeze	通知	inform
indicatorilor	指示器；指示剂；指标	indicator
contribuabilului	纳税人	taxpayer
scăderea	减少；减少量	decrease
naturală	自然的；自然界的；本能的	natural
funcționale	功能的	functional
lucrării	工作；劳动；职业	work, labor, a piece of written work, for example, an academic monogra…
terenurile	小块土地；地区图；图	plot of land, terrain, field, pitch
stil	风格；时尚；文体	style, manner, genre
argint	银；银币；银器	silver, silver object
debitorul	债务人；借主；借方	debtor
comunica	显露；传达；感染	to communicate, to correspond, to convey
creditul	信用；信任；荣誉	credit
privatizare	私有化	privatization
acceptat	接受；承认；同意	accept
impun	强迫；执行；坚持	to enforce, to impose
reacție	反应；反作用；反动	reaction
externă	(英国)皇家海军；注册护士	female equivalent of extern
planurile	计划；方案；策略	plan, plane
comercializare	行销；买卖	marketing
decontare	报销	settlement
agenților	代理商；政府代表；动原	agent
metodele	方法；办法；条理	method
impact	冲击；冲突；影响	impact
inspector	检查员；巡视员	inspector
senatului	参议院；立法机构；评议会	senate, senate-house
împrumuturi	贷款；借出	loan
creează	创建	creates
aproba	赞同；核准；为...提供证据	to approve
sesizare	通知；通告；告示	notification
organizată	有组织的；组织起来的	organised
desigur	当然	of course
militari	军人；士兵；兵蚁	soldier
știință	认识；认识力；认识的结果	cognition, knowledge, awareness, acquaintance, science
legătura	连接；关系；前后关系	connection, link, correlation, relationship of cause and eff…, connect…
primare	主要的；初期的；根本的	primary, elementary, primary
producerii	制造；生产；产物	production, work, production
listele	目录；名单；明细表	list
dimensiuni	尺寸；次元；面积	dimension
depinde	靠；视...而定；信赖	to depend
testare	测试	testing
universității	大学	university
propriile	自己的；嫡亲的；同胞的	own
legilor	法律；法则；定律	law, religion, belief, credence
puteau	能；会	to be able to, to be possible, to be conceivable, to be a possibility
prezentelor	现在时	present tense
câștigat	赢得的	won
ministerelor	各部的	of the ministries
creșterii	增长的	of the growth
autonome	自治的	autonomous
apariției	鬼；幽灵；幻影	apparition, appearance
uniunea	联盟；联合；结合	union, connection, association, alliance
citit	有学问的	read, well-read
relativ	有关系的；相对的；比较的	relative
ridicate	举起；提高；提升	lifting, elevating, raising, hoisting, suspending
recunoaște	认出；认可；承认	to recognize, to recognize, to accept, to acknowledge, to admit
consilier	顾问；辅导员；律师	counsellor, adviser
terapeutice	治疗的；有益于健康的	therapeutic
întâmplat	发生；发生；恰巧	to happen, occur
regional	地方的；地域性的	regional
românilor	罗马尼亚的	Romanian
desemnați	指定；指明；称呼	to designate, appoint
practic	实际的；现实的；实用性的	practical
electorală	选举人的；选举的；(有关)选举的	electoral
cumva	不知何故	somehow, by chance, by any chance
scutite	免除的	exempt
rapoarte	报告	reports
exercițiu	行使；执行；运动	exercise
oare	问题；询问	Enhances the interrogative or dubitative value of a question…
menționează	提到；提及	to mention
oficiului	办公室；部；公职	office
culturală	文化的；教养的；修养的	cultural
exercițiul	行使；执行；运动	exercise
sfântul	神圣的；圣洁的；至善的	holy, sacred
conferă	允许；承认；授与	to grant, to confer, to bestow, to award
secții	区域；管理区；管辖区域	precinct, workshop in a factory
pronunțată	发出音的；读出来的；显著的	pronounced
terți	第三人称；第三人称时使用的代词与动词	third person, third party
încercare	尝试；试验；审理	try, attempt
construită	建造的	built
justificate	有道理的；合乎情理的	justified, legitimate
provin	创始；发明；发起	to originate
cunoașterea	认识；认识力；认识的结果	cognition, knowledge, familiarity, experience
secret	秘密；机密；秘诀	secret
măcar	甚至；实际上；完全	even, at least, not even
comunicate	公报	communiqués
verificării	证实；查证；证明属实	verification
înscriu	记录；注册；提示	to register, to inscribe, to score
stradă	街道；马路；街区	street
zahăr	糖；糖块；甜言蜜语	sugar
calculate	有计划的；适当的；适合的	calculated, prudent
simțit	有感觉的；敏感的；明智的	sensible, judicious, considerate, well-bred
reglementată	管制；管理；规定	regulated
desfășurat	展开；打开；披露	to unfold, unfurl, unwrap, open up, to unfold, develop
informatice	信息学的	IT-related
morală	道德；品行；寓意	moral
livrare	递送；交付；分娩	delivery
vorbi	说；说话；演说	to speak, to talk
alegerile	选择；精选品；选择权	choice, choosing, selection, election
doamne	女士	lady (vocative)
candidat	候选人；投考者	candidate
votul	投票；选举；选票	vote
bănci	长椅子	bench
celorlalți	其他的；另外的；从前的	the other
vie	葡萄园	vineyard, vine
depozit	存款；定金；堆积物	deposit, warehouse
ieșire	出口；退场；离去	exit
bugetelor	预算	budget
suferit	遭受；经历；忍受	to suffer, to suffer, to endure, to stomach
diferit	不同的	different, dissimilar, distinct, various, varying, diverse
compania	公司；友伴；交往	company
identitatea	身份；相同；一致	identity
modalitatea	样式；形式；形态	modality
consumatorilor	消费者	consumer
cadrul	框；结构；体格	frame
rd	路（缩写）	road (abbrev.)
scos	移动；调动；除去	to remove, take out, subtract, bring out, pull out, throw ou…, to extr…
instanțe	建议；情况；例子	instance
cunoștințe	认识；相识者	an acquaintance, someone known
avizează	赞同；核准；为...提供证据	to approve
prestarea	服务；贡献；雇佣	service
simți	感觉；觉得；触摸	to feel, to feel, to be feeling, to sense, to notice
consiliile	委员会（复数）	councils
londra	伦敦	London
psd	社会民主党（缩写）	PSD (party)
indirect	间接的；非直截了当的；不坦率的	indirect
disponibil	可利用的；可获得的；有效的	available, unoccupied, vacant
piele	皮肤；皮	skin, hide, leather
organismul	生物；有机体；社会组织	organism
directivă	指令	directive
adresează	发表(演说或讲话)；对付；写地址	to address, to refer to, to consult
circulației	流通；循环；发行量	circulation
decis	坚决的；已下决心的	determined
grupe	团体；组；团	group
teme	害怕；恐惧；为...担心	to fear
dovedit	证明；查验；检验	to prove, to demonstrate, to be proven
venitului	来临	coming, arrival, income, revenue
stabilească	确定	determine
etape	阶段；舞台；场所	stage
accident	意外事件；机遇；事故	accident
reprezentare	表示法；表现；陈述	representation
pat	床；睡眠处；河床	bed
destinația	目的地	the destination
navei	船；舰	ship
candidați	候选人；投考者	candidate
dorit	渴望的；想得到的	desired
bunul	好的；优良的；上等的	good
lucrat	工作的	worked
distincte	清楚的；显著的；不同的	distinct
observă	觉察到；遵守；注意到	to observe
extern	外部的；客观的；表面的	external
notificarea	通知；通告；告示	notification
derulează	展开；打开；披露	to unfold, to rewind
vehicul	交通工具；车辆；传播媒介	vehicle
definit	清晰的；轮廓分明的；有定义的	defined
participe	参加；分享；参与	to participate
tratați	视为；对待；论述	to treat, to discuss, argue, debate upon, negotiate, to entertain, reg…
or	可能；也许	might
precizează	说明；陈述；规定	to state, to specify
poet	诗人	poet
clinică	诊所；临床教学	clinic
frecvente	时常发生的；频繁的；快速的	frequent
lichidare	偿还；偿付；清算	liquidation
transmitere	传输；传送；变速器	transmission
doze	剂量；服用量	dose, can
statistice	统计的；统计学的	statistic, statistical
detalii	细节；详情	detail
războiului	战争；战争状态；战术	war, weaving loom
regiunea	区域；地带；地区	region, part
contravențiilor	违反；违背；矛盾	contravention
mintea	思想；愿望；智力	mind, sense, judgement, wisdom, learning, knowledge
comunitate	社区；公众；共有	community
aceleiași	一样；同上；俱	the same
renală	肾脏的；肾的	renal
spirit	精神；心灵；灵魂	spirit, ghost, essence, psyche, wit, genius
sută	百；百个东西	hundred
expert	专家；行家	expert, wizard
poștale	邮政的；邮局的	postal
bolnavi	不舒服；有病的；恶心的	sick, ill
avans	预付款	advance
folosind	使用；利用；运用	to use, employ, to serve, to be of use
circa	大约；大致；近于	approximately, about, or so
tulburări	疾风；飓风；慌张	flurry, hubbub, excitement, unrest, disorder, confusion, uneasiness, a…
secție	区域；管理区；管辖区域	precinct, workshop in a factory
informației	消息；知识；通知	information, piece of information, intelligence
pildă	模型；模范；模特儿	model, paragon, example, instance, case, example, parable, allegory
lungime	长度；长；期间	length, duration
întreprindere	企业；事业心；进取心	enterprise, business, concern, undertaking
fișa	档案；公文箱；文件夹	file, plug
cunoștința	意识；认识	awareness, acquaintance
gând	想法；思想；思维	thought, idea, imagination, inspiration, intention, plan
trăit	有生命的	lived
modalitățile	样式；形式；形态	modality
notificării	通知；通告；告示	notification
diplomatice	外交的；老练的	diplomatic
prestări	服务；贡献；雇佣	service
poezia	诗；韵文；诗歌艺术	poetry, poem
îngrijire	小心；照料；忧虑	care
animalele	动物	animal, animalistic, brutal
periodice	周期的；定期的；间歇(性)的	periodic
contestațiilor	诉讼；起诉	litigation
tânăr	年轻的；无经验的；朝气蓬勃的	young
dentară	牙齿的	dental
cercetări	搜寻；查究	search, examination, research
refuză	拒绝；谢绝	to refuse
străină	执政者；交情	female equivalent of străin
complexe	复杂的；组合的	complex
explică	解释；说明	to explain
hotărârile	裁决	decisions
direcțiilor	方向；指导；趋势	direction
organ	风琴；器官；元件	organ
organizație	组织；结构；团体	organization
directivei	指令	directive
partidului	宴会；党；政党	party
obiectului	物体；目标；目的	object
tribunalul	法庭；法官席；裁决	tribunal, courthouse
valabile	有确实根据的；有法律效力的；正当的	valid
proiectare	设计；图样；方案	design, projection
negativ	否定的；消极的；负的	negative
impunere	课税；征税；抽税	taxation
construire	建筑；构造；建筑物	construction
integrat	综合的；完整的；互相协调的	integrated, incorporated
denumite	被指名的；指定的	named
doza	给药；(用药)医治	to dose
paturi	床；睡眠处；河床	bed
povestea	讲故事	to tell a story
sancțiunea	核准；制裁；处罚	sanction
criză	危机；危险期；紧要关头	crisis
stea	星；恒星；星形物	star
înscriși	注册的	registered
depășesc	经过；越过；通过	to pass, surpass, overtake, excel, exceed
angajament	委托；交押；承担义务	commitment
construcția	建筑；构造；建筑物	construction, building
derivate	引出之物；派生物；衍生字	derivative
mamei	菊花；沉默	mum, mom, mother, A term of address used by a mother for her children…
colaborează	合作；勾结	to collaborate
tarifele	关税；关税表；价格表	tariff, rate, price
recuperarea	恢复；复原；痊愈	recovery
împlinirea	履行；结束；完成	fulfillment
pozițiile	位置；地位；身分	position
responsabilă	女性；女人；雌性动物	female equivalent of responsabil
raporturile	报告；报道；传说	report
largă	宽的；广阔的；普遍的	wide
echipament	装备；设备；才能	equipment
joacă	游戏；游玩；玩笑	play
economie	经济；理财；节约	economy, economics, savings
suportate	承担的	borne
lucrare	工作；劳动；职业	work, labor, a piece of written work, for example, an academic monogra…
biserică	教堂；礼拜；教会	church
declarate	公告的；公然的	declared
pregătirii	训练；培养	training, preparing
decontării	报销的	of the settlement
proceda	继续进行；进行；开始	to proceed
calculat	有计划的；适当的；适合的	calculated, prudent
experți	专家；行家	expert, wizard
hotărât	确定的；坚决的	decided
perspectivă	远景；透视感；(观察问题的)视角	perspective, prospect
obișnuit	通常的；共同的；通俗的	common, ordinary, usual, normal
necorporale	无形的	intangible
utilaje	装备；设备；才能	equipment, machine
desfășoare	展开；打开；披露	to unfold, unfurl, unwrap, open up, to unfold, develop
funcționării	操作；动作；手术	operation, operating, functioning
adevărul	事实；实情	truth
dobândă	兴趣；嗜好；利息	interest
soare	太阳；日；日光	sun
contrare	相反的；矛盾的；对立的	contrary, opposite
politicilor	政治的；政治上的；政党的	political
influență	影响力；权力；势力	influence, influenza
clienților	客户；顾客；委托人	client
strict	严厉的；绝对的；详尽的	strict
practica	实践；实行；练习	to practise
david	大卫	David
transmită	传输；传染；传达	to transmit, transfer, convey, to hand over, confer, to circulate
exprimată	表达；（用符号等）表示；榨	expressed
temperatura	温度；发烧；热度	temperature
cunoaștere	认识；认识力；认识的结果	cognition, knowledge, familiarity, experience
proprietar	拥有者；物主；所有人	owner of an asset, master
depunere	存款；定金；堆积物	deposit, sediment
eficientă	有效率的；能干的	efficient, operative
curți	院子	courtyards
gura	嘴	mouth
avizului	注意；布告；通知	notice
obținută	获得；达到	to obtain
modele	样板；模板；垫木	a template
turism	观光业；游览	tourism
feroviar	横杆；围栏；栏杆	rail, railway, railroad transportation
autovehicule	机动车	motor vehicles
concurenței	竞争；竞赛	competition
auxiliar	辅助的；备用的	auxiliary
dimineață	早晨；早上；初期	morning
versuri	诗；韵文；诗句	verse, lyric
eliberării	释放；发泄；豁免	release
livrarea	递送；交付；分娩	delivery
manifestă	显示；出现	to manifest, to manifest itself, become manifest
teste	测试；试验；化验	test
recent	最近的；近代的；最新的	recent
propriul	自己的；嫡亲的；同胞的	own
solicitată	请求；乞求；招揽	to solicit
lansat	已发布；释放	released
buna	好的；优良的；上等的	good
acelor	针；尖	needle
vis	梦；空想；愿望	dream
debitor	债务人；借主；借方	debtor
desemnează	指定；指明；称呼	to designate, appoint
dimineața	明天上午[早晨]	in the morning
organismului	生物；有机体；社会组织	organism
numirea	约会；委任的职位；委派	appointment
plantelor	植物；作物；工厂	plant
populare	殖民	colonization
durere	痛苦；疼痛；辛苦	pain, ache, suffering, sorrow, torment, trouble
concluziile	结论；结尾；推论	conclusion
oferi	提供；出价；奉献	to offer
afirmă	断言；确认	to affirm
egale	相等的；平等的；胜任的	equal, even
odihnă	休息；睡眠；安息	rest, repose, peace, calm, restfulness, leisure
accize	(烟、酒等)消费税；货物税；国产税	excise
restituire	归还；偿还；赔偿	restitution
cantități	量；数量；总量	quantity, amount
suporta	忍受；忍耐；容忍	to endure, to bear, to support, to stand
acoperă	覆盖；掩饰；保护	to cover, to shield
vreodată	曾经；究竟；永远	ever
perioadele	时期；节段；节	period, age
linii	平坦的；相等的；连贯的	even, smooth, calm, quiet, mild, gentle, sweet
majoritate	多数；大半	majority
produc	假设法	first-person singular present indicative/subjunctive, third-person plu…
imobiliare	不动产	real estate
organizatorică	组织的	organizational
constitutiv	有设立权的；有制定权的；组成的	constitutive
agentul	代理商；政府代表；动原	agent
dans	跳舞；舞蹈；舞会	dance
vedem	看见；查看；参观	to see, to watch out, to take care, to be seen, to be visible
derogare	毁损；减损；堕落	derogation
suportă	忍受；忍耐；容忍	to endure, to bear, to support, to stand
prezente	现在时	present tense
funcționarii	公务员	the civil servants
aia	那；那个	that
adevărată	真实的；正确的；忠诚的	true, true, real, veritable
rămasă	遗传；遗产	the result of remaining, inheritance
opt	八；八个	eight
mașină	汽车；客车	car, machine
http	超文本传输协议	HTTP
efectivă	真实的；实际的；现行的	actual, real
idee	主意；办法；理想	idea
sancțiuni	核准；制裁；处罚	sanction
închiderea	结束	closing, closure
consultarea	请教；咨询；磋商会	consultation
recunoaștere	赞誉；认得；识别	recognition, reconnaissance
candidații	候选人；投考者	candidate
combaterea	用具；装备；套具	tackling
prețurile	价格；代价；价值	price
sol	土地；战场；场地	the lowest part of something, the floor or pavement of a room, ground…
inspectoratul	监察局	the inspectorate
prieteni	朋友；支持者；赞助者	friend, boyfriend
bănești	金钱的；金钱方面的；课罚款的	pecuniary
conducătorului	领导者；社论；指挥	leader, ruler, driver, conductor
intenția	意图	the intention
vorbesc	说；说话；演说	to speak, to talk
lăsa	离开；剩下；遗忘	to leave, to let, to allow, to drop, let go
critic	批评家；鉴定家	critic
familii	家庭；家人；族	family
aderării	依附；固执；坚持	adherence
decontează	报销	reimburses
spitalicești	医院	hospital
plătească	支付	pay
interpretarea	解释；演出；翻译	interpretation
undeva	到某处；在某处	somewhere
vară	夏季；全盛时期	summer
israel	以色列；以色列后裔；犹太人	Israel
încetării	终止的	of the termination
ofertei	给予(物)；出价；提议	offer
cauzele	原因；目标	cause
ungaria	匈牙利	Hungary
organismelor	生物；有机体；社会组织	organism
principii	王子；亲王；国君	prince
cărțile	书；书籍；帐簿	book, card, a letter, missive
târgu	市场；交易；集市	market, market town, fair
constituției	构成；宪法；体格	constitution
poziții	位置；地位；身分	position
înaltei	高的；长的；夸大的	tall, high
trupul	身体；人；尸体	body, corpse
imobilelor	不动产	real estate, immovable
schimbă	命令；必要的事；规则	third-person singular/plural present indicative, third-person singular…
întocmesc	组成；写作；作曲	to compose, to create, to add, to arrange
prețuri	价格；代价；价值	price
emil	埃米尔	Emil
întregii	所有的；完整的；完全的	whole, entire, full, complete, intact
oarecare	一些；一部分；若干	some, a random, A concessive hedge: a certain., just any, any old
reglementarea	规则；管理；调整	regulation
popa	祭司；牧师；神父	priest, king
rezolvarea	解决；解答；溶液	solution
tarifelor	关税；关税表；价格表	tariff, rate, price
drumuri	路；道路；公路	road
întreprinderii	企业；事业心；进取心	enterprise, business, concern, undertaking
păcate	罪；犯罪；过失	sin, imperfection, shortcoming
pnl	国家自由党（缩写）	PNL (party)
punctului	点；小数点；标点	point, dot, period, degree, extent
camere	房间；空位；场所	room, chamber
aminte	记得	remembrance
primească	收到；接到；得到	to receive, to get, to accept, acquiesce, to welcome, receive someone
sala	房间；空位；场所	room, hall
funciare	陆地；地面；地界	land, property, fundamental, basic
atinge	接触；触摸；触及	to touch, to reach, fulfil, to touch on
dobândite	获得的；后天的	acquired
principală	主要的；最重要的；首要的	principal, primary, chief, foremost
artistice	艺术的；艺术家的；富有艺术性的	artistic
cunosc	假设法	first-person singular present indicative/subjunctive, third-person plu…
aspectele	外观；方面；面貌	aspect, look
transilvania	特兰西瓦尼亚	Transylvania
alineatele	段落；短评	paragraph of a law, indentation
administratorul	管理人；行政官	administrator
eliberată	释放的	freed, emancipated
dreaptă	正确的；对的；恰当的	right, right, just, moral, straight
femeia	女人；妇女；女仆	woman, wife, family
scriitor	作家；撰稿者；抄写员	writer
sală	房间；空位；场所	room, hall
administrării	行政；管理；政府机关	administration
căile	大街；途径；林荫路	avenue, way, path
tranzit	经过；通行；运输	transit
vorbă	谈话；交谈；会谈	talk, talking, speaking, word, conversation, discussion
uită	忘记；忽略；忘	to forget, to look
adițional	附加的；另外的；额外的	additional
navelor	船；舰	ship
reciproc	互惠的；相互的；相等的	reciprocal, mutual
termice	热的；热量的；温泉的	thermal
xx	二十（罗马数字）	XX
suplimentar	附加的；另外的；额外的	additional
germană	德国人；德语	German
consemnează	记录；记载；标明	to record
proprietății	财产；所有权；性质	property, possession, property, property, feature, trait
momente	片刻；瞬间；重要	moment, the time, the right moment, moment, momentum
iubirea	爱；恋爱；爱情	love, fondness
stadiul	阶段；舞台；场所	stage
construite	建造的	built
negociere	谈判；磋商；交涉	negotiation
plecare	离开；出发；违背	departure, parting, leaving, sailing
examinarea	考试；测验；审查	examination
tarif	关税；关税表；价格表	tariff, rate, price
puține	一些；一点点；一点儿	a little, few
terminarea	完成	completion
voia	你；你们	you
viena	维也纳	Vienna
gândul	想法；思想；思维	thought, idea, imagination, inspiration, intention, plan
suficiente	充分的；足够的	sufficient
predare	移交	hand over, capitulation, teaching
rezulte	产生；结果；致使	to result, to follow, to ensue
zonei	地带；带；地区	zone
indicatorii	指示器；指示剂；指标	indicator
credință	信心；信任；忠实	faith, belief, creed, trust, confidence, persuasion, standpoint, convi…
pdl	民主党（缩写）	PDL (party)
angajator	雇主；老板	employer
caută	搜寻；搜查；探求	to search, seek, to have any business
adulți	成年的；成熟的	adult
câmp	领域；田地；场地	field
blaga	财富；资源；财产	wealth
paragraf	段落；短评	paragraph
comunist	共产主义者；共产党员	communist, Communist
colectivă	集体的；聚集的；共同的	collective
recomandată	挂号的	registered (mail)
operaționale	操作的；运作的	operational
ocupat	已占用的；使用中的；无空闲的	occupied, busy
cumpărare	获得；获得物	buying, purchasing, acquisition
continuarea	继续；续集；补编	continuation
on	开	on
ajung	假设法	first-person singular present indicative/subjunctive, third-person plu…
organizării	组织；结构；团体	organization
expertiză	专家意见；专门技术	expertise
revista	杂志；仓库；弹盒	magazine
informa	通知；使了解；使充满	to inform
așadar	因此；所以	therefore
colectare	收集；采集；(一批)收藏品	collection
alegerilor	选择；精选品；选择权	choice, choosing, selection, election
factorilor	因素；因数；系数	factor, postal worker, postman, mailman
sportului	运动；游戏；娱乐	sport
procent	百分比；百分数；部分	percent
urmărit	被通缉的	wanted (by police)
tratate	条约；谈判	treaty, treatise
perfect	完美的；完好的；理想的	perfect, flawless
preventive	预防的；防止的	preventive
apropiat	近的；近亲的；近似的	near
insuficiență	不充分；不足；不适当	insufficiency
veți	用意志的力量驱使；决意；愿意	will
motivată	有动机的；目的明确的	motivated
săvârșite	完美的；完好的；理想的	perfect, complete
bolnav	不舒服；有病的；恶心的	sick, ill
john	约翰	John
statutului	法令；成文法律；法规	statute
ape	水；雨水；海水	water
boala	疾病；弊病	disease, sickness, illness
echivalentul	同等物；等价物；相等物	equivalent
sectorului	扇形；部门；部分	sector
grele	重的；巨大的；沉重的	heavy, hard, difficult, pregnant
xi	十一（罗马数字）	XI
restituie	复原；归还	to restitute
viitorul	下一个的；其次的；贴近的	next, prospective
gură	嘴；口；口腔	mouth, mouthful
preparate	准备；预备；预习	preparation
obligă	强制；施恩惠于；使感激	to oblige
parchetului	镶木地板；(剧场)正厅池座	parquet, prosecutor’s office, felling area
rapoartele	报告	the reports
adecvată	适当的	appropriate
definită	清晰的；轮廓分明的；有定义的	defined
principali	主要的；最重要的；首要的	principal, primary, chief, foremost
cronice	慢性的；习惯性的	chronic
grigore	格里戈雷	Grigore
concursul	竞赛；争论	contest, competition
decontarea	报销	the settlement
înființează	建立；确立；制定	to establish
materialului	材料；物资；素材	material
rămână	保持；逗留；剩余	to remain, be left, stay behind, to last
indicat	表明的；指示的	indicated
cerute	要求的；被请求的	requested, asked for
picioarele	腿；假腿；路程	leg, foot, leg of a table
facultatea	才能；能力；全体教员	faculty, aptitude, gift, talent, department
ajungă	赶上；突然降临于；压倒	to overtake, to catch up, to arrive, to reach
separate	分居；分开的；不在一起生活的	separated
susțin	支援；支撑；帮助	to support, to support, sustain others, respectively oneself, to claim…
importul	进口货；进口；输入	import
limbile	舌；语言能力；讲话方式	tongue, language
dovedește	证明；查验；检验	to prove, to demonstrate, to be proven
limbi	舌；语言能力；讲话方式	tongue, language
rezistență	抵抗力；反抗；耐力	resistance
analizei	分析	analysis
prim	主要的；最初的；根本的	prime
scriu	假设法	first-person singular present indicative/subjunctive, third-person plu…
urbanism	城市居民的生活方式；城市化	urbanism, urban planning
vehiculului	交通工具；车辆；传播媒介	vehicle
ilie	以利亚（希伯来先知）	Elijah, a male given name from Hebrew
clasificare	分类；分级	classification
lucian	卢奇安	Lucian
postul	绝食；斋戒	fast, fasting
spațiului	位置；空间；距离	space
atâtea	那么多；全是	so much
achiziționarea	购买；购买品；紧握	purchase
pozitiv	肯定的；积极的；有把握的	positive, constructive
secției	区域；管理区；管辖区域	precinct, workshop in a factory
totalitate	全体；总数；全食	totality
secundar	中级的；中等的；次要的	secondary
planuri	计划；方案；策略	plan, plane
asociației	协会	association
comportament	行为；举止	behaviour, comportment
morale	道德的；品性端正的；精神上的	moral
dl	先生	Mr.
bucurie	快乐；幸运；适当	happiness
zic	假设法	first-person singular present indicative/subjunctive, third-person plu…
parlamentar	国会议员；下院议员	Member of Parliament
apărute	出现；显得；来到	to appear, show up, turn up, emerge
chip	脸；面容；正面	face, likeness, picture, image
nord	北方；北	north
moldovei	摩尔多瓦	Moldova, Moldova, Western Moldavia
trăiesc	活；生存；居住	to live, to exist, to reside, to dwell
verifice	证明；查证；证实	to verify, to check
sex	性	gender, sex, sex, sexual intercourse
descrie	描述；描绘；画	to describe, to delineate
strada	街道；马路；街区	street
înscrisă	记录；注册；提示	to register, to inscribe, to score
circulația	流通；循环；发行量	circulation
ușoară	轻的；少量的；轻微的	light, easy
unitar	单位的；单一的；归一的	unitary
operare	操作；动作；手术	operation
înțeleg	假设法	first-person singular present indicative/subjunctive, third-person plu…
ui	噪	to make noise, roar, boom, thunder, rumble, din, to swish, to mutter
mamă	菊花；沉默	mum, mom, mother, A term of address used by a mother for her children…
ceară	蜡；蜡状物；一阵发怒	wax
localități	地方；所在；位置	locality
departamentul	部门；系；机关	department
execuția	实行；完成；执行	execution
stele	星；恒星；星形物	star
sodiu	钠	sodium
spitale	医院	hospital
disciplinară	惩戒性的；纪律的	disciplinarian
arta	艺术；人文科学；技术	art
preluarea	接管；继承	taking over
bilanțului	资产负债表	balance sheet
major	主要的；较多的；大部分的	major
opere	工作；劳动；职业	a work, opera
turismului	观光业；游览	tourism
continuu	连续的；继续的；连续不断的	continuous
entitățile	实体；实存物；存在	entity
ședințele	会议；会面	meeting, session
note	笔记；记录；注解	note, annotation, mark, grade, bill, check
furnizeze	提供	supply
întocmi	组成；写作；作曲	to compose, to create, to add, to arrange
evita	避免；防止；撤消	to avoid
litere	信；字母；证书	letter
accesorii	附件；零件；附加物	accessory
evaluează	估定；对...征税；评定	to assess
salariilor	薪水	salary
asigurații	被保险人	insured
minerale	矿物的；似矿物的	mineral
contrar	相反的；矛盾的；对立的	contrary, opposite
forțele	力量；武力；势力	force, strength, power
consultații	商议；商量；请教	consulted
vacante	空着的；没人占的；未被占领的	unoccupied
principiului	原则；原理；主义	principle
interpretare	解释；演出；翻译	interpretation
comparativ	比较地	comparatively
complex	复杂的；组合的	complex
existe	存在；生存；发生	to exist
probei	块；片；篇	piece of evidence, test, trial, examination, test run
web	网络	web
conformității	遵照；适合；一致	conformity
diabet	糖尿病；多尿症	diabetes
mișcarea	运动；动作；运转	movement, motion
asemănătoare	相似的；类似的	similar, alike
sport	运动；游戏；娱乐	sport
despăgubiri	补偿；赔偿金；工资	compensation
legislative	立法的；有立法权的	legislative
alegeri	选择；精选品；选择权	choice, choosing, selection, election
informație	消息；知识；通知	information, piece of information, intelligence
introduc	假设法	first-person singular present indicative/subjunctive, third-person plu…
comunitatea	社区；公众；共有	community
ceaușescu	姓；别号；绰号	a surname, Nicolae Ceaușescu, leader of Romania from 1965 to 1989.
semnată	签署的	signed
dispozitiv	装置；设计；策略	device
sud	南方；南	south
semnificativă	重要的；有效的；有含义的	significant
circumscripție	区域；地方	district
principalele	主要的；最重要的；首要的	principal, primary, chief, foremost
textele	文本；正文；课文	text
biologice	生物的；生物学的	biologic, biological
rapidă	快速的；紧的	fast, quick, rapid, swift, speedy, prompt, expeditious
proprietarul	拥有者；物主；所有人	owner of an asset, master
asociată	联合的	associated
deducere	减除；扣除；减除额	deduction
purta	携带；运送；支持	to carry, bear, to wear, to behave, comport or conduct oneself
lungi	加长；使延长	to lengthen, elongate, extend, to prolong
faptelor	事实；真实性；真相	fact, deed, event
teoria	理论；学说；原理	theory
spațiile	位置；空间；距离	space
parteneriat	合伙；合股；合作关系	partnership
interzicerea	禁令；禁止	prohibition
împiedică	阻碍；打扰	to hinder, impede, to trip
fostul	从前的；前者的	former
intre	进入；参加；开始	to enter, go in, to approach someone, to associate with, to join
hotărăște	决定；判决	to decide, to determine, to make up one's mind
suspendă	悬；吊；使悬浮	to suspend
sc	股份公司（缩写）	JSC (abbrev.)
satului	村庄	village, dwelling, field
rate	比率；率；速度	loan repayment, rate
liviu	锡；马口铁；罐头	a male given name from Latin
descrise	描述；描绘；画	to describe, to delineate
conduc	假设法	first-person singular present indicative/subjunctive, third-person plu…
constituire	构成；宪法；体格	constitution, creation
neagră	黑色的	black, dirty, grimy
concrete	具体的；实在的；混凝土的	concrete
depozitarea	存储器；储藏；保管	storage
ofertelor	给予(物)；出价；提议	offer
importanța	重要；重要性；重要地位	importance
francez	法国的；法国人的；法语的	French
ședere	停留；逗留；制止	stay
noile	新的；陌生的；最近的	new
apară	出现；显得；来到	to appear, show up, turn up, emerge
deținut	被拘留者；被扣押者	detainee
frecvență	频率；频数	frequency
concesiune	特许；让步；认可	concession
conținând	包含；容纳；控制	to contain
așezat	位于...的；坐落在...的；处于某种境地的	situated
spania	西班牙	Spain
specialitatea	专长；擅长；特种技能	speciality
nucleare	核子的；原子能的；核的	nuclear
universal	全世界的；普遍的；宇宙的	universal
structurale	结构的；建筑的	structural
săvârșirea	犯（错误）；提交；答应负责	committing, perpetration
respectate	受尊敬的	respected
apărea	出现；显得；来到	to appear, show up, turn up, emerge
spui	你说	you say
factor	因素；因数；系数	factor, postal worker, postman, mailman
ajută	帮助；帮忙；接济	to help
profesorul	教授	professor, teacher
noii	新的；陌生的；最近的	new
utilizând	使用；利用；运用	to use, to utilize
convenției	大会；协定；惯例	convention
aplicabilă	合适的；可应用的	applicable
obiectelor	物体；目标；目的	object
farmaceutice	药学的；制药的；药用的	pharmaceutical
totdeauna	总是；始终	always, ever, all the time, at all times
roșii	中性的；不及物的；生殖器不完全的	indefinite masculine/neuter/feminine nominative/accusative/g…
confirmă	证实；确定；批准	to confirm
materii	事件；物质；原因	matter, material, substance
prins	抓住的	caught
xii	十二（罗马数字）	XII
semnate	签署的	signed
preia	接收；接管	to take over
viteză	速率；速度；迅速	speed, gear
românii	罗马尼亚的	Romanian
precizat	说明；陈述；规定	to state, to specify
dor	惆怅；渴望；思念	wistfulness, melancholy, nostalgia, longing
voie	意志；决心；意愿	will, permission
tipurile	家伙；支索	guy
interioare	内部的	interior
gravă	刻上；雕刻；铭记	to engrave
trecute	已褪色的；已凋谢的	faded, bygone, old, withered
asumate	假定；自负；担任	assumption
bazei	底部；垒；基础	base, foundation, bottom
buni	好的；优良的；上等的	good
filme	电影	movie, film
ființă	存在；性质；生命	being, creature
ulterioară	以后；随后	later, subsequent
apropie	假设法	third-person singular/plural present indicative/subjunctive, third-per…
refuzul	拒绝；推却；优先决定权	refusal
rar	稀疏的；稀稀落落的；稀薄的	sparse, thin, scarce, few, rare, unusual, uncommon
reabilitare	复原	rehabilitation
mijlocii	斡旋；调停	to mediate, to intervene, intercede, interpose, to act as a go-between…
autorizării	授权；许可	authorization
efort	努力；成就	effort
cerul	天空；天色；天堂	sky, heaven
contestației	诉讼；起诉	litigation
judecătoresc	司法的；法院的；法官的	judiciary
reglementat	管制；管理；规定	regulated
prieten	朋友；支持者；赞助者	friend, boyfriend
ajuta	帮助；帮忙；接济	to help
modernă	现代的；时髦的	modern
participării	参与；分享	participation
intelectuală	智力的	intellectual
pedeapsă	处罚；刑罚；惩罚	punishment, suffering, education
zaharat	蔗糖盐	saccharate
luând	拿着	taking
voce	声音；嗓音；嗓子	voice
calificat	有资格的	qualified
probele	块；片；篇	piece of evidence, test, trial, examination, test run
gol	空的；空虚的；空腹的	empty, naked, hollow
acționar	股东	shareholder
comercializarea	行销；买卖	marketing
diferită	不同的	different, dissimilar, distinct, various, varying, diverse
raportează	报告；汇报；转述	to report
exercitare	行使；执行；运动	exercise
repartizarea	分配；分摊；分派	apportionment
semnul	符号；招牌；征兆	sign, mark, gesture, indication
oradea	奥拉迪亚	Oradea
îndeplinită	实践；履行；实行	to fulfill
acreditate	认可	accredited
prezență	出席；面前；存在	presence, attendance
cantitate	量；数量；总量	quantity, amount
condusă	有指导的；有向导的	taken, guided
pește	鱼；鱼肉；鱼类	fish, pimp
condamnat	囚犯；罪犯	convict
publicul	公众的；公共的；公立的	public
pământul	地球；泥土；世界	earth, ground, land
intracomunitare	欧盟内的	intra-Community
informarea	消息；知识；通知	information
transmisă	传送的	sent
abroga	废止；使无效；取消	to rescind, to repeal, to annul
eligibilitate	适任；合格	eligibility
activele	活跃的；起作用的；积极的	active
salarizare	薪资；付款；补偿	pay
cunoștințelor	意识；认识	awareness, acquaintance
devreme	很早；初	early, soon, promptly, shortly, before long
țărilor	国家；乡村；地区	country, land
concediu	许可；告别；请假	leave, holiday, day off
factura	发票	the invoice
adăugat	额外的；更多的	added, glued, annexed
obțină	获得；达到	to obtain
funcționari	公务员	civil servants
acelui	那；那个	that
particulare	私人的；秘密的；私立的	private
treacă	通过...；透过...；穿过...	to pass through, to pass by, to have passed something
poetul	诗人	poet
retragere	提款；撤退；退回	withdrawal
marile	大的；重要的	big, large, great, great, mighty
agricolă	农业的	agricultural, agrarian
ba	巴	Ba
tema	主题；话题；题目	theme, subject, topic, piece of homework, stem
gândit	思考；思想	thinking
respingere	拒绝；抛弃；驳回	rejection
parlamentare	会谈；谈判	parley
învățat	有学问的；学术上的	learned, cultured, erudite, scholarly, accustomed
centrului	中心；中心点；中锋	centre
rare	稀疏的；稀稀落落的；稀薄的	sparse, thin, scarce, few, rare, unusual, uncommon
îndeplini	实践；履行；实行	to fulfill
operații	操作的	operated
principiilor	王子；亲王；国君	prince
procurorii	实行者；告发者；公诉人	prosecutor
clasele	班级；阶级；种类	class, grade, year
semnării	签署的	of the signing
viu	活着的；活泼的；敏感的	alive
intervenții	插入；介入；调停	intervention
amănuntul	细节；详情	detail, particular
nevoia	需要；必须；缺乏	need, necessity
preluat	接收；接管	to take over
marian	马里安	Marian
dunării	多瑙河	Danube
efective	真实的；实际的；现行的	actual, real
procedează	继续进行；进行；开始	to proceed
declarată	公告的；公然的	declared
spectacol	显示；表现；展览	show
scoase	移动；调动；除去	to remove, take out, subtract, bring out, pull out, throw ou…, to extr…
tv	电视	TV
eficient	有效率的；能干的	efficient, operative
datoriilor	负债的；受惠的	indebted, obliged, owing money
albastru	蓝色的；下流的；忧郁的	blue, blue, sad
decurg	产生；结果；致使	[+din] to stem, to result, to proceed, to trend, to unfold
antonescu	姓；别号；绰号	a surname
județeană	县；郡	county
atribuirea	分配；指派；指定	assigning
eficiente	有效率的；能干的	efficient, operative
înființate	建立；确立；制定	to establish
compr	购买（缩写）	purchase (abbrev.)
fier	铁；熨斗；铁器	iron, tool made of iron
schimbări	变化；找回的零钱；找头	change
cadrului	框；结构；体格	frame
subvenții	补助金；津贴；援助	subvention, grant
sediului	总部；司令部；总部人员	headquarters
implicat	难懂的；复杂的；不易懂的	involved
obiectivului	客观的；如实的；无偏见的	objective
comunităților	社区；公众；共有	community
atribuit	分配；指派；指定	assigning
mărfurile	货物	goods, merchandise
noului	新的；陌生的；最近的	new
judecătorii	法官；裁判员；审判官	judge, justice, magistrate
vânătoare	狩猎；追捕；搜寻	hunt, chase, pursuit
cabinetului	橱柜；内阁	cabinet
angajează	雇用；使用；使从事于	to employ, hire, to get hired, to commit oneself
diferitelor	不同的	different, dissimilar, distinct, various, varying, diverse
acelei	那；那个	that
hiv	艾滋病毒	HIV
unite	联合的；团结的；一致的	united
compus	镇静的；沉着的	composed
marfă	货物	goods, merchandise
orașe	城市；市	city, town
coordonator	协调者；同等的人或物	coordinator
notele	笔记；记录；注解	note, annotation, mark, grade, bill, check
motor	引擎；发动机；机车	engine, motorcycle
ușă	门	door
lt	中尉	lieutenant
favorabile	有利的；赞许的；良好的	favorable
decret	法令；判决；天意	decree
suplimentară	附加的；另外的；额外的	additional
riscuri	冒险；危险；保险额	risk
încălzire	加热；供热；暖气设备	heating
interzice	禁止；阻止	to prohibit, to ban, to forbid
sarcinilor	负担；重载；担子	burden, load, weight, onus, duty, obligation, task, responsibility, pa…
știm	我们知道	we know
restante	剩余的	outstanding
dezvoltă	发展；使发达；进步	to develop, to evolve
temporare	暂时的；临时的	temporary
motivul	动机；目的；主题	motive, reason, ground
comisii	委任状；任官令；所委职责	commission, board, committee
crea	创造；建造；引起	to create
anulare	无效；废弃；取消	nullification, cancellation
păsări	鸟；羽毛球	bird
solicitare	请求；需要；申请书	request
pachetul	包裹；一伙；一副	pack, bundle, package, parcel
matei	表面粗糙的	matte
continue	继续；延续；延长	to continue
curentă	流通的；现在的；当前的	current, everyday
încep	假设法	first-person singular present indicative/subjunctive, third-person plu…
rubrica	红字标题；红色印刷；题目	rubric
utilizeze	使用	use
strategia	战略；策略	strategy
noilor	新的；陌生的；最近的	new
dozei	剂量；服用量	dose, can
cursurile	水流；小河；流出	stream, current, flow, duration, course, lecture
întreagă	所有的；完整的；完全的	whole, entire, full, complete, intact
ofertă	给予(物)；出价；提议	offer
subiectul	科目；主题；臣民	subject, subject, topic, theme
obligație	义务；责任；约束	obligation
situată	富裕的；富饶的；浓厚的	rich, wealthy
elaborat	详细地说明；用心地制作；发挥	to elaborate
dci	为什么（缩写）	why (abbrev.)
facturii	发票；发货单	invoice
învățare	学问；学识；学习	learning
asociațiilor	协会	association
investiției	投资	investment
nevoile	需要；必须；缺乏	need, necessity
operațiune	操作	operation
asociația	协会	association
autorizațiilor	授权；许可	authorization
instituire	机构；惯例；制度	institution
construirea	建筑；构造；建筑物	construction
contractare	收缩；缩写式；害病	contraction
enumerate	列举；枚举；数	enumerated
întoarce	返回；归还；回来	to return, come back, to turn around, to turn
expuse	展现；陈列；展览	to exhibit, to lay out, to expose, to make known, to expose to a risk…
aspectul	外观；方面；面貌	aspect, look
nașterii	出生；起源	birth
procese	程序；进行；过程	process, trial, lawsuit, legal case
textului	文本；正文；课文	text
pozitive	肯定的；积极的；有把握的	positive, constructive
titlurile	头衔；名称；标题	title, title of a book, etc., heading
profund	极深的；深厚的；深刻的	profound, deep
teza	论题；论文	thesis
realizeze	实现	achieve
căzut	堕落的；落下来的；陷落的	fallen, smitten, droopy
fratele	兄弟	brother, dude
impozitelor	税；税款；重负	tax
poștă	柱；杆；准星	post, building housing the post, post office, a unit of measure of dis…
urmări	看；注视；照顾	to watch
reflectă	反射；反映；招致	to reflect
închise	关；结束；使靠近	to close, to lock, to turn off
formularului	形状；形体；类型	form
inițiativa	主动行动；首创精神；主动权	initiative
simte	感觉；觉得；触摸	to feel, to feel, to be feeling, to sense, to notice
ediție	版本；版；翻版	edition
aeriene	空中的；航空的；空气的	aerial
informat	见多识广的	informed
judecători	法官；裁判员；审判官	judge, justice, magistrate
utilizați	使用；利用；运用	to use, to utilize
pronunțat	发出音的；读出来的；显著的	pronounced
bugetară	焦油；柏油；水手	female equivalent of bugetar
practici	实践；实行；练习	to practise
exprima	表达；表示；表露	to express, to voice, state, to show, manifest, represent, set forth i…
riscurile	冒险；危险；保险额	risk
studenți	大学生	college student
ajutat	帮助	helped, assisted
deplin	十分地；完全地；充分地	fully
fine	结束；终点；目标	end
combustibil	燃料；木炭	fuel
următorii	下列的；其次的	following, next, current
adopta	采用；正式通过；收养	to adopt
notifică	通知；通告；报告	to notify
pleacă	离开；剩下；遗忘	to leave, depart, to bow
gaz	气体；汽油；瓦斯	gas
alimente	食物；养料	food
roma	罗马	Rome
constatarea	观察；注意；观测	observation
urmată	跟随；沿行；遵循	to follow, to attend an educational institution, a course or an educat…
strategii	战略；策略	strategy
aurel	金的；含金的；金色的	golden
interioară	内部的	interior
sarcină	负担；重载；担子	burden, load, weight, onus, duty, obligation, task, responsibility, pa…
deosebit	不同的	different, distinct, special, unusual, remarkable, prominent, distingu…
economia	经济；理财；节约	economy, economics, savings
scoate	移动；调动；除去	to remove, take out, subtract, bring out, pull out, throw ou…, to extr…
plăcere	快乐；愉快；令人高兴的事	pleasure
componentă	组件	component
tranzacționare	交易	trading
contribuțiilor	捐助；捐助之物；贡献	contribution
evrei	犹太人；守财奴；犹太教信徒	a Jew, Hebrew
dinspre	从；来自；根据	from, at around
executoriu	行政上的；将来实施的；将来生效的	executory
anre	能源监管局（缩写）	ANRE (energy regulator)
declarațiile	宣告；说明；宣布	declaration
multiple	多个的	multiple
manieră	样子；礼貌；风格	manner
reședință	住宅；居留；驻扎	residence, habitation, dwelling, abode
numite	被称为；公认为	known as
cunoașterii	认识；认识力；认识的结果	cognition, knowledge, familiarity, experience
intervenția	插入；介入；调停	intervention
plătită	支付；付清；补偿	to pay
inspecției	检验；检查；视察	inspection
fata	女孩；少女；女佣	girl, daughter
port	港口；埠；舱门	port
guvern	政府；内阁	government
pază	守卫者；警戒；护卫队	guard, watch
bancar	银行；堤；岸	bank, banking
dovezi	证据；证明；试验	proof, evidence
datoria	债务	the debt
manifestări	显示；证明；示威运动	manifestation
vânzării	背叛；辜负	betrayal, commerce
reprezenta	表现；表示；描绘	to represent
căilor	大街；途径；林荫路	avenue, way, path
participanților	参加者；参与者	participant
destinată	(被)建立的；固定的；既定的	established, determined, destined, dedicated to, intended for
repararea	补偿；赔偿；弥补	reparation
dobânzile	兴趣；嗜好；利息	interest
conservarea	保护；保存	conservation
concomitent	相伴的；伴随的；共存的	concomitant
culturi	文化；修养；耕种	culture
neîntemeiată	没有事实根据的；没有理由的；虚幻的	unfounded, baseless, groundless
iarnă	冬季；萧条期；衰退期	winter
clienți	客户；顾客；委托人	client
secretariatul	书记处；秘书之职；秘书处	secretariat
deschidere	开始；口子；穴	action or incidence of opening, opening, aperture, commencement, begin…
cadrelor	框；结构；体格	frame
îndoială	怀疑；疑惑	doubt, misgiving, incertitude, hesitation, wavering, vacillation
acceptă	接受；承认；同意	to accept
indicarea	指示；象征；暗示	indication
poveste	故事；小说；传奇	story, yarn, tale
entitatea	实体；实存物；存在	entity
scrisori	信；字母；证书	letter
încadrate	构成；设计；制定	to frame, enframe, harmonize with, to enclose, encircle, to surround…
transferate	呼叫转移；已转运	transferred
expresie	表达；表现；词语	expression
regele	国王；君主	king
evaluate	评估；估价	appraised
acreditare	委派；信托；鉴定合格	accreditation
acoperite	隐蔽着的；掩藏着的；有屋顶的	covered
mecanic	机械的；机械性的；力学的	mechanical
întâlnit	会议；会面	meeting
deplină	十分地；完全地；充分地	fully
inclus	包括在内	included
oprit	停止；停下来	stopped, forbidden
femeilor	女人；妇女；女仆	woman, wife, family
grupurilor	团体；组；团	a group
eventual	预期的；将来的	prospective
raportat	报告的；据报道的	reported
avute	富裕的；富饶的；浓厚的	rich, wealthy, well-off
plastic	塑料的；塑造的；有可塑性的	plastic
ducă	携带；运送；支持	to carry, lead, take, to lead, to go, to go
rezerve	保留；保存；预订	to reserve
dotarea	捐助；天赋；才能	endowment
finele	好的；晴朗的；健康的	fine, delicate, subtle
respingerea	拒绝；抛弃；驳回	rejection
drumurile	路；道路；公路	road
patrimonial	祖传的	patrimonial
începerii	开始的	of the beginning
severă	严厉的；绝对的；详尽的	strict
traficului	交通；通行；运输	traffic
fapta	行为；实行；契约	deed, action, doing, feat
verzi	绿色的；未成熟的；新鲜的	green
echipă	队；组	team
încet	慢的；缓慢的；迟缓的	slow, dull, sluggish
press	新闻	press
secțiile	区域；管理区；管辖区域	precinct, workshop in a factory
german	德国的；德国人的；德国语的	German
partidul	宴会；党；政党	party
pacientul	忍耐的；容忍的；有耐性的	patient
istorică	历史上著名的；有历史性的	historic, historical
conservare	保护；保存	conservation
atitudine	态度；看法；姿势	attitude, posture
primii	主要的；最初的；根本的	prime
intenționează	打算	intends
profesia	职业；表白；声明	profession
minori	较小的；二流的；未成年的	minor
evenimentele	事件；结果；事情的进程	event
înlocuit	替代；更换	replacing
jocuri	比赛；玩耍；比分	game, play, dance
volume	册；卷；体积	volume
industriei	勤劳；工业；企业	industry
tradiționale	传统的；惯例的	traditional
actuală	现代的；当今的；现时的	present-day
ferată	高铁酸盐	ferrate
indicate	表明的；指示的	indicated
trimestrului	三个月；一学期	trimester
extraordinare	非常的；特别的；非凡的	extraordinary
licitației	拍卖	auction
instrumentele	工具；手段；仪器	instrument
fenomen	现象；迹象；表现	phenomenon
asigurările	保险	insurance
interesați	使感兴趣；与...有关系	to interest
atins	精神不太正常的；受感动的	touched
avizare	注意；布告；通知	notice
furniza	提供；供应；规定	to provide
formular	形状；形体；类型	form
nopții	夜；夜晚；晚上	night
stagiu	鉴定；查验；证明	probation, probationary period, time or duration of service, internshi…
doctorat	博士头衔	doctorate
vicepreședinte	副总裁；副校长	vice-president
brusc	突然的；意外的；快速的	sudden
suspendării	悬挂；暂停；中止	suspension
păstrat	保留的；预备的；预定的	reserved
academiei	学院；院校；学会	academy
întreprinderile	企业；事业心；进取心	enterprise, business, concern, undertaking
unu	一(个)	one
cult	膜拜；礼拜式；祭仪	cult
clădirii	建筑物；建筑	building
menționa	提到；提及	to mention
echipamentele	装备；设备；才能	equipment
invocă	祈求；恳求；实行	to invoke
contribuabilii	纳税人	taxpayer
limite	界限；边界；限度	limit
chipul	脸；面容；正面	face, likeness, picture, image
oferte	给予(物)；出价；提议	offer
creanțele	债务；罪过	debt
lipsit	不见的；缺少的	missing, lacking
știut	已知的；有名的	known
echilibru	平衡；平静；均衡	equilibrium, balance, footing
afecta	影响；感动；假装	to affect
păstreze	保留	keep
spitalele	医院	hospital
părul	头发；毛发；些微	hair
școlară	女性；女人；雌性动物	female equivalent of școlar
încercări	尝试；试验；审理	try, attempt
asociați	使联合；使发生联系	to associate
comportamentul	行为；举止	behaviour, comportment
băuturi	饮料	beverage, drink
împrumutatul	出借；借出；供出借	on loan
respecta	尊敬；注意；遵守	to respect
fată	女孩；少女；女佣	girl, daughter
formelor	形状；形体；类型	form
brute	总共的；未打折扣的；恶劣的	gross
încalcă	破坏；侵犯；违反	to infringe
operatori	操作的；工作的；营业上的	operating
sunteți	存在	to be, to feel, to be it in a game of tag
evenimentelor	事件；结果；事情的进程	event
domnule	先生	mister, Mr., sir, polite term for a man, master, hospodar
tata	父亲；祖先；长辈	father
componența	结构；构造；建筑物	structure
echivalente	同等物；等价物；相等物	equivalent
elibera	释放；解放；使自由	to free, set free, release, to liberate, to honourably discharge
instrucțiunile	指令；教导；命令	instruction
indemnizație	赔偿；保障；补偿	indemnity
pronunțate	发出音的；读出来的；显著的	pronounced
accepta	接受；承认；同意	to accept
ieșirea	退出	the exit
încadrat	构成；设计；制定	to frame, enframe, harmonize with, to enclose, encircle, to surround…
încadrare	归类	classification
genul	类型；样式；典型	type, sort, kind, way of being, manner, attitude, genre
bucăți	块	pieces
echipei	队；组	team
încetat	停止；被塞住	to stop, cease, end, to suspend, put an end to, break off, discontinue…
dragostea	爱；恋爱；爱情	love
grea	装配；装扮；给船装帆	to rig
imobilizărilor	固定；使停止流通	immobilization
pagină	页；记录；事件	page
marele	大的；重要的	big, large, great, great, mighty
alternative	替代方案	alternatives
standarde	标准；规格；旗	standard
creditor	债权人	creditor
făceau	要做某事	to do, act, to make, to cause someone to do something
ridicarea	举起；拿起；理解	raising, uptake, development, improvement, growth
puternice	强壮的；坚固的；坚强的	strong
retrage	撤回；取回；撤消	to become retracted, pull back, to withdraw, to retreat
romanul	小说；长篇故事	novel, epic
rural	乡下的；田园的；乡村风味的	rural
condiție	情况；条件	condition
rezultată	结果；成绩；答案	result, outcome
polonia	波兰	Poland
artistic	艺术的；艺术家的；富有艺术性的	artistic
dosarele	卷宗	the files
doctor	医生；博士	doctor
aerul	空气；旋律；态度	air
fază	时期；局面；方面	phase
provizoriu	暂时的；暂定的；临时的	provisional
valabilitatea	有效性；正确性	validity
extinderea	延长；扩充；范围	extension
săptămânii	星期；周	week
dai	假设法	second-person singular present indicative/subjunctive of da
sute	百；百个东西	hundred
personaj	个性；字符；人物	character
punerii	放置的	of the placing
acoperire	覆盖物；掩蔽物	covering
clasamente	等级；地位	ranking
puteri	力量；实力；强度	strength, power, forces
sportiv	运动的	athletic
locuință	房子；住宅；机构	house, dwelling, residence, abode, habitat
utilizatorilor	使用者	user
desemnată	特指的；指定的	designated
clădire	建筑物；建筑	building
îndeplinit	实践；履行；实行	to fulfill
controlate	受约束的；克制的	controlled
utilizator	使用者	user
folosească	使用；利用；运用	to use, employ, to serve, to be of use
ședinței	会议；会面	meeting, session
zonelor	地带；带；地区	zone
operei	工作；劳动；职业	a work, opera
judecății	审判的	of the trial
apelul	呼叫；访问；打电话	call
altei	其他的；另外的；从前的	other, another
apropierea	接近；密切；近似	nearness, closeness, proximity, intimacy
instituirea	机构；惯例；制度	institution
scară	梯；梯状物；发迹的途径	ladder, stairs, staircase, scale
ferate	高铁酸盐	ferrate
comunicată	公报	communiqué
popor	人；人民；民族	a people, nation, a multitude
materialul	材料；物资；素材	material
timbru	印；邮票；打印器	stamp, postage stamp
formei	形状；形体；类型	form
test	测试；试验；化验	test
consiliu	会议；委员会	council, board, committee
convins	确信的；深信的	convinced
absolută	绝对的；专制的；完全的	absolute
apropiere	接近；密切；近似	nearness, closeness, proximity, intimacy
corespund	符合；通信；相当	to correspond
bogdan	摩尔达维亚人；摩尔达维亚语	a Moldavian
greutatea	重；重量；体重	weight, difficulty
încerca	试；尝试；试验	to try, to attempt
aștepta	等候；期待；延缓	to wait, to wait for, await, to wait for
actuale	现代的；当今的；现时的	present-day
împrejurări	环境；状况；事件	circumstance, situation, occurrence
originea	起源；起因；出身	origin
traducere	翻译；译文；转化	translation
venea	未来地	to come
vizibil	看得见的；明显的；显然的	visible
frumoase	美丽的	beautiful, handsome
plăcut	愉快的；可爱的；活泼的	pleasant, nice, agreeable, pleasing, enjoyable
așteptat	等候	waiting
modalități	样式；形式；形态	modality
terapie	治疗	therapy
execuției	实行；完成；执行	execution
permanență	永久；持久；固定性	permanence
sufletului	灵魂；心灵；精神	soul, spirit
inimă	心；心脏；中心	heart, soul
teamă	恐怖；害怕；担心	fear
rânduri	排；行；街道	row, line, line, queue
set	日落；同伙；组合	set
muzica	音乐；乐曲	music
religioasă	宗教性的；虔诚的；宗教上的	religious
trimestru	三个月；一学期	trimester
respectiva	各自地；独自地；个别地	respectively
albe	白色的；纯洁的；白种的	white
spitalelor	医院	hospital
anticorupție	反腐败；反贪污	anticorruption
tranzacții	交易；办理；学报	transaction
identificat	被认同者；经鉴定的；被识别的	identified
tutun	烟草；香烟	tobacco, type of tobacco
dialog	会话；对话	dialog
moral	道德的；品性端正的；精神上的	moral
textile	织的；纺织的	textile
devenind	变成；变得	to become, to reach a place
fundamentală	基本的；重要的；原音的	fundamental
voința	意志；决心；意愿	will
concluzii	结论；结尾；推论	conclusion
valea	紧急刹车	scram!, shoo!
teodor	特奥多尔	Teodor
bulgaria	保加利亚	Bulgaria
participanți	参加者；参与者	participant
profesori	教授	professor, teacher
citește	读	reads
recunoscută	经过验证的；公认的	recognized
fete	女孩；少女；女佣	girl, daughter
diferență	不同；差异	difference
dentiști	牙科医生	dentist
recomandate	被推荐的	recommended
propunerile	提议；计划；求婚	proposal, offer, suggestion, recommendation
evoluției	进化；发展；进展	evolution
diminuarea	缩减	diminishment
amestec	混合物；混乱；糊涂	mix, mixture, admixture, fusion, jumble
university	大学	university
tehnica	技巧；技术；方法	technique
stimularea	刺激；激励；鼓舞	stimulation
excepționale	例外的；异常的；特别的	exceptional
artei	艺术；人文科学；技术	art
etapa	阶段	the stage
planurilor	计划；方案；策略	plan, plane
merg	假设法	first-person singular present indicative/subjunctive, third-person plu…
proprietarului	拥有者；物主；所有人	owner of an asset, master
anticipate	预期的；期望的	anticipated
operațiunii	操作的	of the operation
vocea	声音；嗓音；嗓子	voice
munte	山；山脉；大堆	mountain
prealabile	更重要的；较早的；在先的	prior
filmul	电影	movie, film
duratei	持续时间；持续	duration
clădirilor	建筑物；建筑	building
guvernamentale	政治的；统治上的；政府的	governmental
frică	恐怖；害怕；担心	fear
diplomă	文凭；毕业证书	diploma
marilor	大的；重要的	big, large, great, great, mighty
bilet	票；券；车票	ticket, note
educația	教育	the education
america	美洲；美国	America, the Americas, America, United States of America
originale	最初的；原始的；有创意的	original
altui	其他的；另外的；从前的	other, another
administratorului	管理人；行政官	administrator
petrecut	发生	happened
operațiunea	操作	operation
generate	生成的；发生的	generated
trăiește	活；生存；居住	to live, to exist, to reside, to dwell
tatălui	父亲；祖先；长辈	father
nerespectării	不敬；失礼；无礼	disrespect
iso	国际标准化组织（缩写）	ISO
poliției	警察；警察当局；治安	police
forțelor	力量；武力；势力	force, strength, power
fire	实质；本质；香精	essence, substance, nature, character, temper, disposition, mind
duminică	星期日	Sunday
mașina	图谋；策划	to machinate
putând	能；会	to be able to, to be possible, to be conceivable, to be a possibility
insolvență	无力偿还；破产	insolvency
beneficiat	有益于	to benefit
construcției	建筑；构造；建筑物	construction, building
întregului	所有的；完整的；完全的	whole, entire, full, complete, intact
gabriel	加布里埃尔	Gabriel
dezvoltat	发达的（国家或地区）；成熟的	developed
regelui	国王；君主	king
minorităților	少数；未成年；少数民族	minority
descriere	描述；说明；种类	description
schimbul	变化；找回的零钱；找头	change, exchange
altora	一；任何人	another one
salariați	拿薪水的；拿薪金的；有薪金的	salaried
consolidat	整理过的；巩固的；统一的	consolidated
clasei	班级；阶级；种类	class, grade, year
indemnizația	赔偿；保障；补偿	indemnity
poziției	位置；地位；身分	position
robert	罗伯特	Robert
transplant	移居者；移植	transplant
contribuțiile	捐助；捐助之物；贡献	contribution
critice	单数	third-person singular/plural subjunctive present of critica
vândute	已售的	sold
onoare	荣誉；头衔；信用	honor, integrity, glory, esteem, repute, respect, esteem
tarifului	关税；关税表；价格表	tariff, rate, price
terminat	完成的；完结的；精巧的	finished
paliative	辩解；缓和物	palliative
strâns	接近地	closely, tightly
mijlocul	中央；中间；腰部	middle, center, mean, wealth, fortune, resources, medium, way, means
scădere	减少；减少量	decrease
originalul	最初的；原始的；有创意的	original
clientului	客户；顾客；委托人	client
reduse	减少；分解；降低	to reduce, to lessen
privire	一看；神色；样子	look, gaze
intervine	插入；调停；干涉	to intervene, to interfere, to come between
suficientă	充分的；足够的	sufficient
decenii	十年；十	decade
factorii	因素；因数；系数	factor, postal worker, postman, mailman
profitului	利润；赢利；利益	profit
acute	尖锐的；敏锐的；激烈的	acute
distribuirea	分配	distribution
frontierei	边界；边境	frontier
faptă	行为；实行；契约	deed, action, doing, feat
mandatul	命令；指令；要求	mandate
călători	旅行；行进；移动	to travel, to journey
corecte	正确的；合适的	correct
client	客户；顾客；委托人	client
complementare	补充的；补足的	complementary
operă	工作；劳动；职业	a work, opera
serios	严肃的；认真的；重要的	serious, earnest, severe, stern
esențial	必要的；重要的；本质的	essential
înțelegerea	理解；谅解	understanding, agreement, insight
jucat	游戏；玩耍；竞技	playing
notificat	通知；通告；报告	to notify
scriitori	作家；撰稿者；抄写员	writer
respinge	拒绝；抵制；否决	to reject, to repel, to repel, drive back
sprijină	支援；支撑；帮助	to support, sustain, bear, succor, to encourage, endorse, back up
confirmare	证实；证明；批准	confirmation
livrate	已交付的	delivered
inferioară	次等的；较差的；下方的	inferior
impresia	印象；意念；盖印	impression
regia	行政；管理；政府机关	administration, the work of the movie director
reprezentative	描写的；表现的；代理的	representative
china	中国；瓷器	China
actualizarea	更新	update
spectacole	显示；表现；展览	show
națiunilor	陆地；地面；地界	nation country, land, people
sorin	索林	Sorin
contribuabililor	纳税人	taxpayer
căutarea	搜寻；查究	search
conștiința	良心	conscience, consciousness
legături	连接；关系；前后关系	connection, link, correlation, relationship of cause and eff…, connect…
ulei	油；石油；油画颜料	oil
mâine	明天；未来地	tomorrow
compartimentul	分隔间；卧车包房；防水舱隔	compartment
pregătit	准备好的；特制的	prepared, trained
muzicale	音乐的；声音美妙的；喜爱音乐的	musical
forestiere	森林的；乡村的	silvan, foresty
operează	操作；运转；动手术	to operate
bis	国际清算银行	bis, encore, repeat
detaliate	详细的；复杂的	detailed
dădea	是	yes
acceptate	接受；承认；同意	accept
acelea	那；那个	that
existență	存在；生存	existence
ieși	退出；脱离；去世	to exit, to get out, to turn out a certain way, to work out well, to s…
estimată	估计；判断	estimate
turistice	旅游的	tourist (adj.)
derulare	进步；发展；前进	progress, unfolding, rewinding
păstrare	保管；供养；一致	keeping, preservation
scoaterea	移动；移居；迁移	removal
schimba	修正；变更；修饰	to modify, to alter, to change, to exchange
regiune	区域；地带；地区	region, part
senat	参议院；立法机构；评议会	senate, senate-house
luați	假设法	second-person plural present indicative/subjunctive, second-person plu…
secretariatului	书记处；秘书之职；秘书处	secretariat
vehiculele	交通工具；车辆；传播媒介	vehicle
propunerilor	提议；计划；求婚	proposal, offer, suggestion, recommendation
orală	口头的；口述的；口部的	oral
ierarhic	等级的	hierarchical
atingerea	动人的；令人同情的	touching
stilul	风格；时尚；文体	style, manner, genre
intenție	意图；目的；含义	intention, intent, purpose, scope
ron	罗马尼亚列伊（货币代码）	RON (currency)
alocat	配置；分配；拨给	allocation
spiritului	精神；心灵；灵魂	spirit, ghost, essence, psyche, wit, genius
presiunea	压；榨；按	pressure
uzate	使用过的；二手的；习惯的	used, worn out, worn away, overused, depleted
creditorilor	债权人	creditor
raionul	区	the district
regatul	王国；领域	kingdom
transportate	情不自禁的	transported
transmiterii	传输；传送；变速器	transmission
recepție	接待；接受；招待会	reception
vineri	星期五	Friday
colectarea	收集；采集；(一批)收藏品	collection
bolnavii	不舒服；有病的；恶心的	sick, ill
inspectoratului	监察局的	of the inspectorate
ofere	提供；出价；奉献	to offer
justifică	替...辩护；证明	to justify
atent	注意的；留心的	attentive, prudent, careful, cautious, regardful, heedful
întrebare	问题；询问	question
figurează	出现；显得；来到	to appear, be included
confirmarea	证实；证明；批准	confirmation
gânduri	想法；思想；思维	thought, idea, imagination, inspiration, intention, plan
cooperarea	合作；协力；配合	cooperation
privi	看；注意；朝着	to look, gaze, regard, watch, behold, to consider
căldură	热；热度；体温	heat, warmth, hot weather, days, fever
anexe	附加物；附属建筑物	annex
marca	做标记于；留意；打分数	to mark, to represent, mark, be, to have a profound effect on someone’…
contribuabil	纳税人	taxpayer
energetic	精力充沛的；积极的	energetic
sectoarelor	扇形；部门；部分	sector
niveluri	水平；水准；平地	level, height, spirit level
autorizează	授权；批准；允许	to authorise, to allow
acordurilor	一致；调和；协定	accord
soluționării	解析；决心；坚定	resolution
opțiunea	选择权；挑选；选项	option
crezut	相信	to believe, to guess, to believe, to think
consecințele	结果；重要性	consequence, result, outcome, effect, repercussion
respect	尊敬；尊重；问候	respect, consideration, deference, esteem, regard
motivarea	动机；刺激；推动	motivation
secțiilor	区域；管理区；管辖区域	precinct, workshop in a factory
formulată	表述的	formulated
plătesc	支付；付清；补偿	to pay
gândesc	假设法	first-person singular present indicative/subjunctive, third-person plu…
armata	军队；陆军	army
citat	引用	quote
piată	市场	market
înființare	基础；根据；建立	foundation
mențiuni	提到；言及；陈述	mention
ajutoare	或；或者	female equivalent of ajutor
pași	步骤；步；步幅	step, pace, footstep, stride, step, gait
licențe	执照；许可证；特许	license
limbaj	语言；文字；措辞	language, speech, manner of speaking, idiom
femeii	女人；妇女；女仆	woman, wife, family
tinerilor	年轻的；无经验的；朝气蓬勃的	young
bazate	基于	based
crăciun	极其；非常	to kill
evidențiază	强调；加强语气；着重	to emphasize
finalul	最后的；终极的；决定性的	final
tinerii	年轻的；无经验的；朝气蓬勃的	young
terapeutic	治疗的；有益于健康的	therapeutic
fiecăruia	每一；所有的	every, each
cadre	框；结构；体格	frame
util	有帮助的；有益的；有用的	helpful, useful
marius	锡；马口铁；罐头	a male given name from Latin
droguri	药；麻药；麻醉药	drug
tranzitorii	暂时的；短暂的；昙花一现的	transitory, transitional
auzi	听到；倾听；听说	to hear
întregi	完成；完工；使圆满	to complete, to make whole
presa	压；压榨；紧抱	to press
procesele	程序；进行；过程	process, trial, lawsuit, legal case
invocate	叫唤	invoked
înființat	建立；确立；制定	to establish
credința	信心；信任；忠实	faith, belief, creed, trust, confidence, persuasion, standpoint, convi…
independentă	独立的；有主见的；不须依赖的	independent, self-sufficient
ovidiu	奥维迪乌	Ovidiu
descris	描述的	described
cauzelor	原因；目标	cause
creditului	信用；信任；荣誉	credit
globală	通用的；全球的；球形的	global
afiliate	有关连的；附属的	affiliated
centrelor	中心；中心点；中锋	centre
majorității	多数；大半	majority
scurte	短的；近的；矮的	short, short, brief
vegetale	植物的；植物性的；有关植物生长的	vegetal, vegetable
impozitare	课税；征税；抽税	taxation
funcționa	活动；运行；行使职责	to function
producătorului	生产者；制作者；制作人	producer
materială	材料；物资；素材	material
netă	净的；最终的	net, clear, clear-cut, plain
animal	动物	animal, animalistic, brutal
absolvire	毕业；得学位；分划	graduation
clauze	子句；条款	clause
imposibil	不可能的；难以置信的；令人无法忍受的	impossible
cnp	词首字母缩略词	initialism of cod numeric personal
similară	相似的；类似的	similar
regiuni	区域；地带；地区	region, part
deținătorul	持有人；所有人；支持物	holder
uite	一看；神色；样子	look!, see!, behold!
responsabilitate	责任；职责；负担	responsibility
tensiune	紧张；不安；拉紧	tension
scadență	成熟；完备；到期	maturity
singure	单身的；单程的；单一的	single, only, sole, alone, solitary, single
certificatele	证书；证明书	certificate
distrugerea	破坏；毁灭	destruction
oricând	任何时候；无例外地	anytime
bazată	基于	based
emitent	发射体；发射极	emitter, minter
drumurilor	路；道路；公路	road
cristina	克里斯蒂娜	Cristina
apartament	房间；公寓	apartment
secțiunii	区段；部分；区域	section
personaje	个性；字符；人物	character
publicații	已发布的	published
interviu	面谈；访问；接见	interview
cumulativ	累积的	cumulative
silite	被迫的；强迫的；用力的	forced
imobilul	不动产	real estate, immovable
sesizată	注意；通知；评论	to notice, to understand, to send a petition to the authorities
frunze	叶；树叶；花瓣	leaf
adresată	编址的；收信地址；处理	addressed
bord	船舷	board (of a ship)
baze	底部；垒；基础	base, foundation, bottom
imobilizări	固定；使停止流通	immobilization
sare	盐；风趣；刺激	salt
abordare	接近；入门	approach
rambursarea	付还；退还	reimbursement
silvic	林学；森林地	forestry
achiziția	采购	the acquisition
libertăților	自由；特权；许可	liberty, freedom
împuternicit	授权；准许；增加（某人的）自主权	empowered
partide	宴会；党；政党	party
creație	创造；创作物；发明	creation
decontate	已报销的	settled
formularelor	形状；形体；类型	form
ploiești	普洛耶什蒂	Ploiești
asigurați	保证；使确信；弄清楚	to assure, to ensure, to insure
brăila	姓；别号；绰号	a surname
semnarea	签署	the signing
documentare	(总称)文件	documentation
sarcinile	负担；重载；担子	burden, load, weight, onus, duty, obligation, task, responsibility, pa…
douăzeci	二十；二十个	twenty
datoriei	债务；罪过	debt, duty, what has been given
pădure	森林；林区	forest
consiliere	咨询服务	counseling
cîteva	几个	a few
parchetelor	镶木地板；(剧场)正厅池座	parquet, prosecutor’s office, felling area
nominal	名义上的；名字的；有名无实的	nominal
cercetător	研究人员	researcher
eficienței	效率；效能；功效	efficiency
cauzate	因果关系；原因	causation
pline	充满的；完全的；丰富的	full
adiționale	附加的；另外的；额外的	additional
cabinetele	橱柜；内阁	cabinet
drumului	路；道路；公路	road
scrisoarea	信；字母；证书	letter
preventiv	预防的；防止的	preventive
flux	流程；流动；流量	flow
locurilor	地方；地点；位置	place, location, stead
tren	火车；列车；行列	train
acordurile	一致；调和；协定	accord
demonstrat	举行示威游行（或集会）；示范。展示；显示	demonstrated
simultan	同时的；同时发生的	simultaneous
dobândit	获得的；后天的	acquired
raporturilor	报告；报道；传说	report
esență	实质；本质；香精	essence
proporție	比例；比率；均衡	proportion
știam	知道；了解；认识	to know
trăi	活；生存；居住	to live, to exist, to reside, to dwell
nc	无评论（缩写）	no comment
obiectele	物体；目标；目的	object
epoca	新纪元；时代；时期	epoch, age
tarife	关税；关税表；价格表	tariff, rate, price
transferului	迁移；移动；传递	transfer
anunță	宣布；声称；显示	to announce
cotei	份额的	of the quota
studiului	学习；研究；学科	study, higher education, studies, etude
fixă	固定的；不变的	fixed
consecințe	结果；重要性	consequence, result, outcome, effect, repercussion
războiul	战争；战争状态；战术	war, weaving loom
liceu	中学	secondary school
revocarea	废止；取消；撤回	revocation, dismissal
stânga	左；左面；左派	left, the left
primită	收到；接到；得到	to receive, to get, to accept, acquiesce, to welcome, receive someone
feroviare	横杆；围栏；栏杆	rail, railway, railroad transportation
slab	不牢固的；弱的；虚弱的	weak, thin, skinny
depozite	存款；定金；堆积物	deposit, warehouse
scena	场；情景；镜头	scene
regională	地方的；地域性的	regional
simptome	症状；征候；征兆	symptom
asociațiile	协会	association
producere	制造；生产；产物	production, work, production
localității	地方；所在；位置	locality
religie	宗教；信仰	religion
șefului	领袖；酋长；长官	chief, boss
completat	完整的；完全的	completed
amintesc	假设法	first-person singular present indicative/subjunctive, third-person plu…
protejarea	保护；防卫；贸易保护制度	protection
șanse	机会；意外；可能性	chance, luck
specializat	专门的；特别的；专科的	specialized
denumire	名字；名称；姓名	name
parcurs	路径；途径；路线	route, course, trajectory
făcuse	要做某事	to do, act, to make, to cause someone to do something
prevăd	预见；预知	to foresee, anticipate, to stipulate, to equip, furnish
roșie	红色的	red
sesizat	注意；通知；评论	to notice, to understand, to send a petition to the authorities
independența	独立；自立；自主	independence
canalizare	排水设备；污水	sewerage
brațe	手臂；袖子；狭长港湾	arm
procentul	百分比	the percentage
cabinete	橱柜；内阁	cabinet
armatei	军队；陆军	army
substanțele	物质；实质；主旨	substance
actualizează	更新；使现代化	to update, to refresh
clasificarea	分类；分级	classification
bancară	银行；堤；岸	bank, banking
provenind	创始；发明；发起	to originate
părăsit	被抛弃的；无约束的；恣意放荡的	abandoned, marooned, left behind, forlorn, deserted, desolate, uninhab…
partidelor	宴会；党；政党	party
statistică	统计学；统计资料	statistics
pavel	姓；别号；绰号	a male given name, a surname
împrumuturilor	贷款；借出	loan
terț	第三人称；第三人称时使用的代词与动词	third person, third party
evoluție	进化；发展；进展	evolution
companiei	公司；友伴；交往	company
ajustarea	调整；调节；校正	adjustment
fim	存在	to be, to feel, to be it in a game of tag
oricum	无论如何；至少	anyhow, no matter how, in any way, however, either way, even so, still
deces	停止	cessation of life, death
producătorul	生产者；制作者；制作人	producer
guvernare	统治；统辖；管理	governance
studenților	大学生	college student
subordine	下级地位；隶属；第二位	subordination
diagnosticul	诊断	diagnosis, diagnostic
clară	清楚的；明确的；澄清的	clear, obvious
locuința	房子；住宅；机构	house, dwelling, residence, abode, habitat
tras	拉	pulled
atribuie	把...归于；认为...属于	to attribute
forțe	力量；武力；势力	force, strength, power
libertăți	自由；特权；许可	liberty, freedom
dentist	牙科医生	dentist
implicit	沉默寡言的；不苟言笑的；缄默的	tacit
ultimei	终极的；根本的；极限的	ultimate, final, last
dispozitivului	装置；设计；策略	device
reprezentate	表现；表示；描绘	to represent
sursa	来源；水源；根源	source
compartimente	分隔间；卧车包房；防水舱隔	compartment
artistică	艺术的；艺术家的；富有艺术性的	artistic
producătorilor	生产者；制作者；制作人	producer
vârstei	年龄；老年；成年	age
atribuite	分配；指派；指定	assigning
opri	会议记录	to stop the movement of something, to stop one’s own movement, to volu…
pui	小鸡；鸡肉	chicken, chick, cub, youngling, nestling, whelp, young of an animal, o…
împrumutului	贷款；借出	loan
interesat	感兴趣的	interested
planificare	计划的制订；策划；设计	planning
manager	经理；管理员；管理器	manager
jocul	比赛；玩耍；比分	game, play, dance
spațiilor	位置；空间；距离	space
modificărilor	修正；修饰；修改	modification
depășit	旧式的；落伍的；过时的	outdated
gestionează	处理	to manage, to run, to administer
judecătorului	法官；裁判员；审判官	judge, justice, magistrate
verificări	证实；查证；证明属实	verification
proceselor	程序；进行；过程	process, trial, lawsuit, legal case
semințe	种子；籽；萌芽	seed
țintă	目的；意向；决心	purpose, aim, objective, target, small nail, peg
incendiilor	火；炉火；电炉	fire
răspundă	以...回答	to respond, reply, answer
teoretice	理论上的；好理论的	theoretic, theoretical, abstract, conceptual
promovează	促进；晋升；创办	to promote
stări	状态；情形；地位	status, standing, situation, position, condition, state
înalte	高的；长的；夸大的	tall, high
primelor	主要的；最初的；根本的	prime
volumului	册；卷；体积	volume
proiectarea	设计；图样；方案	design, projection
dispărut	不见的；缺少的	missing
dificultăți	困难；难点	difficulty
ideile	主意；办法；理想	idea
termenelor	术语；专有名词；期限	term, terms, conditions
posturile	绝食；斋戒	fast, fasting
impus	强加的；施加的；应用的	imposed
formate	开本；版式；形式	format, template
misiune	任务；代表团；使命	mission, delegation, part, role
spirituală	精神上的；神圣的；崇高的	spiritual
respins	拒绝；抵制；否决	to reject, to repel, to repel, drive back
respectivele	各自地；独自地；个别地	respectively
identifică	识别；认为...等同于；确定	to identify
invitat	客人；来宾；旅客	guest, invitee
proprietăți	财产；所有权；性质	property, possession, property, property, feature, trait
tehnologii	技术；工业技术；术语	technology
judecătoria	法院；庭院；奉承	court of law
vizită	拜访；访问；游览	visit
fals	错误的；虚伪的；假的	false
ioana	离子	ion
investițiile	投资	investment
armelor	手臂；袖子；狭长港湾	arm, weapon, gun, rifle
reorganizarea	改组；再编制；改造	reorganization
treptat	慢慢地；迟缓地	slowly, gradual
inițierea	开始；指引；入会	initiation
prelungirea	延伸；延长；延长部分	prolongation
criteriu	标准；准则；规范	criterion
soț	丈夫；管理人；节俭的人	husband
aderare	依附；固执；坚持	adherence
metodologie	方法学；方法论	methodology
majorarea	增加；增值；盈余	increment
compartimentele	分隔间；卧车包房；防水舱隔	compartment
implicați	暗示；意味	to imply, to implicate, to involve
caragiale	卡拉贾莱	Caragiale
ultimă	终极的；根本的；极限的	ultimate, final, last
liste	目录；名单；明细表	list
greșit	错误的；不正当的；失常的	wrong
forestier	森林的；乡村的	silvan, foresty
eventualele	预期的；将来的	prospective
navă	船；舰	ship
întrebarea	问题；询问	question
transformarea	变形；变质；变化	transformation
piept	胸；胸部；衣柜	chest
completată	完整的；完全的	completed
grecia	希腊	Greece
parlament	国会；议会	parliament
valorificare	资本化；资本总额；本金化	capitalization
aplicabil	合适的；可应用的	applicable
mihaela	米哈伊拉	Mihaela
inferior	次等的；较差的；下方的	inferior
create	创造的	created
chimică	化学的；化学上用的	chemical
deputat	副手；代理人	deputy
cifre	数字；位数；指头	digit, numeral, figure
dulce	甜的；芳香的；悦耳的	sweet
companii	公司；友伴；交往	company
dimensiunea	尺寸；次元；面积	dimension
iorga	约尔加	Iorga
von	冯	von
dosarelor	卷宗的	of the files
țesuturi	薄的织物；薄纱；棉纸	the action of weaving, tissue
iosif	约瑟夫	Iosif
importate	输入；进口	imported
asiguratul	被保险人	insured
iulia	锡；马口铁；罐头	a male given name from Latin
producătorii	生产者；制作者；制作人	producer
moscova	莫斯科	Moscow
armată	军队；陆军	army
dotare	捐助；天赋；才能	endowment
admite	承认；接受；允许进入	to admit, to allow, permit
ședințe	会议；会面	meeting, session
fericire	快乐；幸运；适当	happiness, joy, felicity, good luck
piețe	市场；交易；集市	market, square
ocupa	占领；占(时间、空间等)；住进	to occupy, take up, to take care of, deal with
inculpatul	被告	defendant
mesaj	消息；通讯；讯息	message
barbu	巴尔布	Barbu
it	信息技术（缩写）	IT
alcătuit	合成的；混合成的；菊科的	composite
subpct	分项	sub-item
derulate	展开的；未折叠的；未褶皱的	unfolded
compartimentului	分隔间；卧车包房；防水舱隔	compartment
hrană	食物；养料	food
deprecierea	价值减低；减价；跌落	depreciation
exercite	练习	practice
profitul	利润；赢利；利益	profit
supun	假设法	first-person singular present indicative/subjunctive, third-person plu…
vest	西方；西部	west
formulă	客套语；公式；准则	formula, method, phrase
păi	. 好啦	well, why, then
integrare	综合；与环境协调的行为；集成	integration
caldă	香港专业教育学院	feminine singular nominative/accusative of cald
memoria	记忆；记忆力；回忆	memory
citarea	引用的	the citation
cafea	咖啡；咖啡色	coffee, serving of coffee
secrete	秘密；机密；秘诀	secret
funcționar	公务员	civil servant
pragul	门阶	doorstep, threshold
cald	暖和的；暖的；温暖的	warm, scorching, hot- in the same context as words such as fierbin…, f…
listei	目录；名单；明细表	list
modern	现代的；时髦的	modern
punctelor	点；小数点；标点	point, dot, period, degree, extent
personalități	个性；人格；(团体、地方、国家)特有特性	personality
revenit	返回；归还；回来	to return, come back
lacrimi	泪珠；泪珠状物	teardrop, tear
împlinit	满足的；个人志向得以实现的	fulfilled
încît	以至于	so that
specialitățile	专长；擅长；特种技能	speciality
achizițiile	获得；获得物	acquisition
reasigurare	再保险；再保险金额	reinsurance
puteți	你们能	you can
grija	担心；烦恼；忧虑	worry, care, carefulness, attentiveness, meticulousness
dispună	安排；排列；达成协议	to arrange, order, place, to decide, to command
celuilalt	其他的；另外的；从前的	the other
metodelor	方法；办法；条理	method
firesc	自然的；自然界的；本能的	natural, normal
aparat	装置；设计；策略	device, system, apparatus
adresă	住址；演说；举止	address
is	雅西（县）	Iași (county)
bucură	使高兴；乐于	to delight, to cheer, to indulge, be / become glad or happy
angajaților	忙碌的；使用中的	engaged, employed
prevedea	预见；预知	to foresee, anticipate, to stipulate, to equip, furnish
publica	出版；发行；公开	to publish
monitor	监督器；级长；监听员	monitor
prevedere	(政府提供的)钱和设备；准备；供应品	provision
întru	在...期间；在...之内；处于...之中	in
minister	部；内阁；服务	ministry
cheltuială	费用；代价；开支	expense
leu	狮子；狮子(星)座；国际狮子会会员	lion, leu
ști	知道；了解；认识	to know
agenție	代理机构；经销商；中介	agency
înregistra	记录；注册；提示	to register, to record
municipiu	自治区；市当局；市民	municipality, large town, title of ancient Roman towns that had autono…
secțiune	区段；部分；区域	section
atribuție	工作；任务；作业	task
publicație	出版物；出版；公布	publication
respectare	尊敬；尊重；问候	respect
investiție	投资	investment
uniune	联盟；联合；结合	union, connection, association, alliance
domn	先生	mister, Mr., sir, polite term for a man, master, hospodar
sta	制止；延缓；坚持	to stay, to stand, to sit
finanțe	财政；财务	finance
câtva	一些；一部分；若干	some, a little, a few
naște	产生	to give birth to, to be born
dori	要；希望；应该	to want, to wish, to wish, to desire
numi	命名；称呼；任命	to name, to be called
legislație	立法；法律	legislation
lega	系；打结；扎	to tie, bind, connect
constata	注意；通知；评论	to notice, to certify
metodologic	方法的	methodological
cerință	需求；必要条件；要求	requirement, text of a question, a problem, an exercise, which specifi…
efectuare	实行；完成；执行	execution
obliga	强制；施恩惠于；使感激	to oblige
rezulta	产生；结果；致使	to result, to follow, to ensue
propunere	提议；计划；求婚	proposal, offer, suggestion, recommendation
dintru	的；属于	of, from
ridica	升高；提高；鼓舞	to lift, elevate, raise, hoist, suspend, to increase, to uplift
ruga	祈祷；恳求；请	to ask politely, to say please, to pray, to insistently, repeatedly or…
declara	宣布；声明；申报	to declare
instalație	安装；装置；就职	installation
literă	信；字母；证书	letter
recomandare	建议	recommendation
creanță	债务；罪过	debt
resursă	资源；财力；办法	resource
implica	暗示；意味	to imply, to implicate, to involve
afacere	生意；事情；业务	business, affair
institut	学会；学院；协会	institute
adunare	聚集；集中；采集	gathering, assembly, meeting, crowd, amassment, aggregation, collectio…
electric	电的；导电的；电动的	electric
comitet	委员会	committee
uita	忘记；忽略；忘	to forget, to look
elabora	详细地说明；用心地制作；发挥	to elaborate
printru	通过	through
salariu	薪水	salary
aviz	注意；布告；通知	notice
reveni	返回；归还；回来	to return, come back
semna	签名；打手势表达	to sign
părinte	父母；父母亲；根源	parent, term of respect for a priest or other religious individual…, s…
elev	学生；研究者；学者	student, schoolboy
asociație	协会	association
revistă	杂志；仓库；弹盒	magazine
însemna	意谓；想要；意欲	to mean, signify, imply, indicate, to mark, note, write down
însoți	陪伴；伴随；补充	to accompany, to conduct
pleca	离开；剩下；遗忘	to leave, depart, to bow
colegiu	学院；大学；学会	college
alegere	选择；精选品；选择权	choice, choosing, selection, election
princip	原则；原理；主义	principle
posibilitate	可能性；可能的事	possibility
constituțional	宪法的；立宪的；体质的	constitutional
opinie	意见；评价；主张	opinion
autoriza	授权；批准；允许	to authorise, to allow
coloană	专栏；圆柱；纵队	column, pillar, column, file
desemna	指定；指明；称呼	to designate, appoint
secol	世纪；百年	century
ban	金钱；一笔款；财富	money, ban
indicator	指示器；指示剂；指标	indicator
comentariu	注解；批评；评论	comment
calcula	计算；预测；计划	to calculate
lucrător	工人；劳动者	worker
conducător	领导者；社论；指挥	leader, ruler, driver, conductor
republicat	再版；重新发表；重订遗嘱	republished
întreba	问；要求	to ask, to wonder
indica	显示；象征；指示	to indicate
citi	读；阅读；理解	to read
companie	公司；友伴；交往	company
defini	定义；规定；使明确	to define
impozabil	可征税的；应征税的	taxable
semnala	向...作信号；标志；用信号通知	to signal
temei	场地；庭院；理由	grounds, basis
gândi	想；考虑；想起	to think, to think about, think of, to think of doing something
datorie	债务；罪过	debt, duty, what has been given
înlocui	代替	to substitute, replace, take the place of, to swap, switch, or exchang…
documentație	(总称)文件	documentation
rată	比率；率；速度	loan repayment, rate
adăuga	增加；添加；附带说明	to add, add to
editorial	编辑的；主笔的；社论的	editorial
proveni	创始；发明；发起	to originate
situa	找出；设于；位于	to locate
tată	父亲；祖先；长辈	father
executa	执行；实行；完成	to execute
grupă	团体；组；团	group
încetare	停止	cessation
modalitate	样式；形式；形态	modality
suspenda	悬；吊；使悬浮	to suspend
reuși	处理	to succeed in doing something, manage, to succeed
contestație	诉讼；起诉	litigation
sfânt	神圣的；圣洁的；至善的	holy, sacred
elaborare	苦心经营；精巧	elaboration
datora	亏欠；负...债；归功于	to owe, to owe itself
obținere	达到	attainment
sancțiune	核准；制裁；处罚	sanction
lucra	工作；劳动；做	to work
contractual	契约的	contractual
promova	促进；晋升；创办	to promote
referi	某事；某物	to refer to something
compartiment	分隔间；卧车包房；防水舱隔	compartment
cabinet	橱柜；内阁	cabinet
tabel	桌子；餐桌；工作台	table
raporta	报告；汇报；转述	to report
confluență	合流；合流点；集合	confluence
întâmpla	发生；发生；恰巧	to happen, occur
editură	出版社；出版公司	publishing house
profesie	职业；表白；声明	profession
republică	共和国；共和政体；团体	republic
universitate	大学	university
apariție	鬼；幽灵；幻影	apparition, appearance
strategie	战略；策略	strategy
pronunța	发音；宣告；断言	to pronounce, to be pronounced
observa	觉察到；遵守；注意到	to observe
căuta	搜寻；搜查；探求	to search, seek, to have any business
tribunal	法庭；法官席；裁决	tribunal, courthouse
eliminare	除去；消除；消灭	elimination
picior	腿；假腿；路程	leg, foot, leg of a table
caracteristică	特性；特征；特色	characteristic, trait, feature, characteristic
mulțumi	使满意；满足；符合	to satisfy, to make content, to gratify, to thank, to be content
reglementa	管理；控制；调节	to regulate
sintagmă	结构体；结构段；语段	syntagma, phrase, expression
parchet	镶木地板；(剧场)正厅池座	parquet, prosecutor’s office, felling area
nerespectare	不敬；失礼；无礼	disrespect
preciza	说明；陈述；规定	to state, to specify
fiică	女儿	daughter
prelua	接收；接管	to take over
cotă	配额；限额	quota
înlocuire	归还；更换；代替者	replacement
administra	处理	to manage, to run, to administer, to administer, to give
industrie	勤劳；工业；企业	industry
factură	发票；发货单	invoice
acoperi	覆盖；掩饰；保护	to cover, to shield
scriere	书写；著作；笔迹	writing
încadra	构成；设计；制定	to frame, enframe, harmonize with, to enclose, encircle, to surround…
patrimoniu	祖传的财物；继承物	patrimony
prestare	服务；贡献；雇佣	service
participant	参加者；参与者	participant
dovedi	证明；查验；检验	to prove, to demonstrate, to be proven
încălca	破坏；侵犯；违反	to infringe
divers	不同的；各种的；多方面的	various, diverse, varied
finanța	供给...经费；负担经费	to finance
sită	筛子；滤网	sieve, screen, strainer
aliment	食物；养料	food
denumi	指定；指明；称呼	to designate, denominate, give a name to
consumator	消费者	consumer
construi	构造；建造；对...进行构思	to construct, build
identifica	识别；认为...等同于；确定	to identify
specie	种；类；外形	species, kind, type, sort
lipsi	剥夺；使丧失	to deprive, to be absent, to be missing, to lack, to give up, to go wi…
muri	死亡；消逝；平息	to die
doamnă	淑女；夫人；女士	lady, polite term for a woman, madam, ma'am, mistress, official title…
distribuire	分配	distribution
determinare	决心；果断	determination
inspectorat	监察局	inspectorate
salariat	拿薪水的；拿薪金的；有薪金的	salaried
folosire	使用；习惯；使用价值	use
concluzie	结论；结尾；推论	conclusion
membră	女性；女人；雌性动物	female equivalent of membru
mențiune	提到；言及；陈述	mention
emitere	发射；射出；发行	emission
angaja	雇用；使用；使从事于	to employ, hire, to get hired, to commit oneself
înceta	停止；被塞住	to stop, cease, end, to suspend, put an end to, break off, discontinue…
piesă	块；片；篇	piece, play, song
înființa	建立；确立；制定	to establish
interveni	插入；调停；干涉	to intervene, to interfere, to come between
recomanda	推荐；介绍；劝告	to recommend
întâlni	遇见；引见；认识	to meet, to encounter, to come across
consta	组成；存在于；一致	to consist, be composed of
anunța	宣布；声称；显示	to announce
cădea	倒下；落下；来临	to fall
deținător	持有人；所有人；支持物	holder
dimensiune	尺寸；次元；面积	dimension
deșeu	废物	refuse
expirare	终止；满期；呼出	expiration
plantă	植物；作物；工厂	plant
aminti	提醒；使想起	to remind, to recall, to remember, to mention
instrucțiune	指令；教导；命令	instruction
controla	控制；操纵；抑制	to control, to master, to oversee, to check, verify
tehnologie	技术；工业技术；术语	technology
necesitate	需要；必需品；必然	necessity, need
introducere	介绍；传入；采用	introduction
autovehicul	交通工具；车辆；传播媒介	motor vehicle
infrastructură	基础结构；基础设施	infrastructure
contesta	竞争；争取；争辩	to contest, to challenge
acciză	(烟、酒等)消费税；货物税；国产税	excise, excise tax
prenume	名	first name
armă	手臂；袖子；狭长港湾	arm, weapon, gun, rifle
hotărî	决定；判决	to decide, to determine, to make up one's mind
industrial	工业的；供工业用的；工业高度发展的	industrial
investigație	调查；审查	investigation
relevant	有关联的；有关系的；适当的	relevant, distinctive
îmbunătățire	进步；改善；利用	improvement
învăța	学习；认识到；得知	to learn, to study, to teach
încălcare	违犯；侵害；违反	infringement
jurnal	日记；杂志；日报	journal, diary
cuantum	量；数量；总量	quantity
rege	国王；君主	king
acționa	行动；表演；假装	to act, to activate
ocazie	场合；时机；机会	occasion
minor	较小的；二流的；未成年的	minor
descoperi	揭露；揭开；暴露	to uncover, to take off one's headgear, to reveal
ajustare	调整；调节；校正	adjustment
ocupație	职业；占有；占有期	occupation
teorie	理论；学说；原理	theory
regie	行政；管理；政府机关	administration, the work of the movie director
trage	拉；拖；拔	to pull, draw, drag, to draw, to fire, shoot
firmă	公司；友伴；交往	company, shop sign
etnic	人种的；种族的	ethnic
contravenție	违反；违背；矛盾	contravention
catalog	目录；大学情况一览	catalogue, school document used for recording students' grades and att…
trata	视为；对待；论述	to treat, to discuss, argue, debate upon, negotiate, to entertain, reg…
aprecia	赏识；鉴别；为...而感激	to appreciate
fondator	创立者；建立者	founder
susținere	支持；支撑；援助	support
schemă	方案；计划；组合	scheme
evalua	估定；对...征税；评定	to assess
așeza	使坐下；使就座；为...设座于	to seat, to sit down, settle, to set down, place, put
funciar	陆地；地面；地界	land, property, fundamental, basic
activa	使活动；使激活；正式建成	to activate, to activate, to enable
popular	通俗的；流行的；受欢迎的	popular
celulă	单元；细胞；电池	cell
explica	解释；说明	to explain
religios	宗教性的；虔诚的；宗教上的	religious
dezvolta	发展；使发达；进步	to develop, to evolve
fundamental	基本的；重要的；原音的	fundamental
student	大学生	college student
pregăti	准备；筹备；使在思想上有准备	to prepare
juca	玩；游戏；假装	to play, to gamble, to dance
specifica	详列；指定；说明	to specify
porni	开始；出发；启动	to start
vinde	卖；背叛；销售	to sell
stație	车站；站；局	station, stop
ocupare	职业；占有；占有期	occupation
minut	分；分钟；片刻	minute
viza	对准目标；致力；打算	to aim, to apply a visa
luare	拿；取；收成	take
afecțiune	影响；病；喜爱	affection
mobil	移动的；易变的；机动的	mobile
plăcea	使高兴；合...的心意；取悦	to please, to be pleasant, pleasing
temă	主题；话题；题目	theme, subject, topic, piece of homework, stem
frate	兄弟	brother, dude
refuza	拒绝；谢绝	to refuse
atesta	证明；表明；作证	to attest
tranzacție	交易；办理；学报	transaction
soție	妻子；太太；夫人	wife
tineret	年轻；青年时代；青年们	youth, young livestock, not yet productive
premiu	奖赏；奖金；奖品	prize
floare	花；开花植物；精华	flower
despăgubire	补偿；赔偿金；工资	compensation
sămânță	种子；籽；萌芽	seed
termic	热的；热量的；温泉的	thermal
iubi	爱；爱好；爱慕	to love
confirma	证实；确定；批准	to confirm
departament	部门；系；机关	department
menținere	维护；保持；维修	maintenance
împărtăși	均分；分担；分享	to share
confluentă	合流的；汇合的；融合性的	confluent
coordona	(使)协调	to coordinate
individ	人；个人；个体	individual, person
începere	开始	beginning
comenta	评论；注解	to comment
facultate	才能；能力；全体教员	faculty, aptitude, gift, talent, department
soluționa	解决；付给；溶解	to solve
numeros	很多的；数目众多的；多数的	numerous
înainta	前进；发生	to go forward, go on its way, to promote, to put forward
fișă	档案；公文箱；文件夹	file, plug
chimic	化学的；化学上用的	chemical
alimentar	饮食的；供养的	alimentary, food-related
dobândi	得到；获得；变成	to get, acquire, gain, find, achieve, secure, obtain, procur…
temperatură	温度；发烧；热度	temperature
magistratură	长官的职位；地方行政长官	magistracy, magistrature
afirma	断言；确认	to affirm
figură	数字；价格；图形	figure, diagram, face card
paraclinic	辅助检查的	paraclinical
partener	合伙人；股东；伙伴	partner, companion, colleague
contravaloare	价值；价格；购买力	value, cost
comunicație	交流；交通；通讯	communication
autonom	自治的	autonomous
prinde	捕捉；赶上；感染	to catch, to capture, to take hold of
clauză	子句；条款	clause
mecanism	机械；机构；结构	mechanism
închide	关；结束；使靠近	to close, to lock, to turn off
asumare	假定；自负；担任	assumption
eligibil	有资格当选的；合格的	eligible
expunere	暴露；揭发；揭露	exposure
suferi	遭受；经历；忍受	to suffer, to suffer, to endure, to stomach
valoros	有价值的；贵重的；宝贵的	valuable
întâlnire	会议；会面	meeting
genera	产生；发生；导致	to generate
contribui	有助于；捐助；投稿	to contribute
câștiga	赢得；打胜；成功	to win, to gain, earn, to raise
ordonator	组织者；编制者；创立者	organizer
opțiune	选择权；挑选；选项	option
pachet	包裹；一伙；一副	pack, bundle, package, parcel
rezervat	保留的；预备的；预定的	reserved
transforma	使转换；改变；改造	to transform
secretariat	书记处；秘书之职；秘书处	secretariat
tulburare	疾风；飓风；慌张	flurry, hubbub, excitement, unrest, disorder, confusion, uneasiness, a…
contrasemna	副署；确认	to countersign
bilanț	资产负债表	balance sheet
garanta	保证；担保	to guarantee
întocmire	制造；(手工)制造业；制作	making
intelectual	有知识者；知识分子；凭理智做事者	intellectual
corporal	肉体的；身体的；个人的	corporal
concentrație	集中；专心	concentration
creștin	基督徒；正派人	Christian, person, man, individual
ofițer	军官；主管；官员	officer
demonstra	证明；查验；检验	to prove
rocă	岩石；岩礁；石头	rock
cadră	给与；使一致	to accord, to frame
asculta	听；倾听；听从	to listen, to listen to someone, to hear
concurență	竞争；竞赛	competition
sentiment	感情；感伤；情操	sentiment, thought, sense, feeling, belief, opinion
arunca	投；掷；抛	throw, cast, hurl, throw away, discard
ambalaj	用于包裹的材料	wrapping, packaging
asocia	使联合；使发生联系	to associate
amenajare	进步；改善；利用	improvement
definiție	定义；精确度；清晰度	definition
petrece	举办聚会	to party, to spend or pass the time, to occur, to happen
bucura	使高兴；乐于	to delight, to cheer, to indulge, be / become glad or happy
bibliografic	书目有关的；书目的	bibliographic
filială	树枝；支店；支流	branch
locuitor	居民；常驻程序；居住者	resident, inhabitant
debit	借方；借	debit
rest	休息；睡眠；安息	rest
fabricare	制造；建造；虚构的谎言	fabrication
justificativ	认为正当的；辩解的；辩明的	justificatory
braț	手臂；袖子；狭长港湾	arm
scădea	减少	to decrease, diminish, shrink, mitigate, reduce, to decline, to subtra…
dorință	希望；愿望；祝愿	wish, desire, desirousness
apropia	接近；近似；找...商量	to bring near, to approach, draw closer
adult	成年的；成熟的	adult
bătrân	老的；旧的；古老的	old
bate	打；拍打；打败	to beat, to have a fight, to defeat
inculpat	被告	defendant
locui	住；居留；属于	to reside, to dwell
artist	艺术家；画家	artist
cifră	数字；位数；指头	digit, numeral, figure
beneficiu	利益	benefit
periculos	危险的	dangerous, hazardous, perilous
concept	观念；概念	concept
emisiune	广播；传播	broadcast, show, issue, emission
inactiv	不活动的；停止的；怠惰的	inactive
consemna	记录；记载；标明	to record
tehnologic	技术的	technological
talentat	天资高的；有才能的	talented
manifestare	显示；证明；示威运动	manifestation
încasa	兑现	to receive cash
preda	移交	to hand over, to give in custody an object, to hand in, turn in, to tu…
vers	诗；韵文；诗句	verse, lyric
pasăre	鸟；羽毛球	bird
evreu	犹太人；守财奴；犹太教信徒	a Jew, Hebrew
diferi	不一致；不同	to differ
imobilizare	固定；使停止流通	immobilization
aloca	分派；分配	to allocate, to allot
arhivă	档案馆；档案文件	archive
atribui	把...归于；认为...属于	to attribute
sprijini	支援；支撑；帮助	to support, sustain, bear, succor, to encourage, endorse, back up
cumpăra	买；获得	to buy, purchase
dezbatere	辩论；讨论	debate
funcțional	功能的	functional
împiedica	阻碍；打扰	to hinder, impede, to trip
chema	呼叫；召集；打电话	to call
memorie	记忆；记忆力；回忆	memory
notifica	通知；通告；报告	to notify
semnificație	重要性；意义；意味	significance, meaning
necesita	迫使；使成为必需；需要	to necessitate
silit	被迫的；强迫的；用力的	forced
detaliu	细节；详情	detail
justifica	替...辩护；证明	to justify
transfera	使转移；调转；调任	to transfer
reformă	改革；改正；改造	reform
termina	完成；结束；用完	to finish, complete, to finish, to end
trup	身体；人；尸体	body, corpse
rasial	人种的；种族的	racial
observație	观察；注意；观测	observation
farmacist	药师；药品商；药商	pharmacist
conferință	会议	conference
provoca	激怒；惹起；诱导	to provoke, to cause, to dare
deconta	报销	reimburse
fruct	水果；果类；结果	fruit
eroare	错误；过失；失误	error
interesa	使感兴趣；与...有关系	to interest
disciplinar	惩戒性的；纪律的	disciplinarian
epocă	新纪元；时代；时期	epoch, age
sesiza	注意；通知；评论	to notice, to understand, to send a petition to the authorities
consultat	商议；商量；请教	consulted
deplasare	运动；动作；运转	movement
perete	墙；墙壁；垣	wall
numire	约会；委任的职位；委派	appointment
îndrăgit	通俗的；流行的；受欢迎的	popular, loved
lider	领导者；社论；指挥	leader
părăsi	放弃；抛弃；遗弃	to abandon, neglect, forsake, leave
intermediar	中间的；中级的	intermediate
tradiție	传说；传统；交付	tradition
compune	组成；写作；作曲	to compose, to form
legislativ	立法的；有立法权的	legislative
invoca	祈求；恳求；实行	to invoke
asuma	假定；承担；呈现	to assume
săvârși	要做某事	to do, to perform, to carry out, to accomplish, to achieve
fixa	使固定；修理；准备	to fix
inițiativă	主动行动；首创精神；主动权	initiative
cronic	慢性的；习惯性的	chronic
păcat	罪；犯罪；过失	sin, imperfection, shortcoming
evidenția	强调；加强语气；着重	to emphasize
asimilat	吸收	assimilated
manual	手的；手动的；手工的	manual
confluent	合流的；汇合的；融合性的	confluent
judecătorie	法院；庭院；奉承	court of law
alcătui	制造；安排；创造	to make, form
reparație	修理；补救；修复	repair
contorizat	（按顺序）数；有价值；数出总数	counted
ziar	报纸	newspaper, gazette, journal
încasare	收款	cashing
gândire	思考；思想	thinking, thought, mind, consciousness, reasoning, reflection
stoc	储蓄；积蓄；库存	stockpile
examina	检查；调查；考试	to examine
campanie	战役；运动；竞选运动	campaign
farmacie	药房；配药学；制药业	pharmacy
subvenție	补助金；津贴；援助	subvention, grant
majorare	增加；增值；盈余	increment
operație	操作；动作；手术	operation
cânta	唱；唱歌；演唱	to sing, to play
achita	付清；报复；付清工资解雇	to pay off, to acquit, to relieve oneself of a duty
închidere	结束	closing, closure
derula	展开；打开；披露	to unfold, to rewind
transformare	变形；变质；变化	transformation
poem	诗；诗般美的事物	poem
discurs	谈话；演讲	discourse, speech
românie	农权制；农奴地位；农奴境遇	Romanian language, serfdom
mobiliar	财产；所有权；性质	property
plătitor	支付者；付款人	payer
manifesta	显示；出现	to manifest, to manifest itself, become manifest
împrejurare	环境；状况；事件	circumstance, situation, occurrence
națiune	陆地；地面；地界	nation country, land, people
șansă	机会；意外；可能性	chance, luck
litigiu	诉讼；起诉	litigation
monedă	硬币；金钱；货币	coin, currency
creare	创造；创作物；发明	creation
statistic	统计的；统计学的	statistic, statistical
marcă	标志；分数；马克	mark, brand, sign
aviza	赞同；核准；为...提供证据	to approve
finalizare	完成	completion
ascunde	藏；隐瞒；遮避	to hide, to conceal, to hide oneself
revoluție	革命；大变革；旋转	revolution
conștiință	良心	conscience, consciousness
renunța	放弃；停止；献出	to give up
presta	提供；供应；规定	provide, supply
sovietic	苏维埃的；苏联的	Soviet
bibliotecă	图书馆；藏书；库	library, bookcase
martor	证人；目击者；证据	witness, onlooker, voucher, car dashboard warning light, tell-tale, id…
consultare	请教；咨询；磋商会	consultation
indicație	指示；象征；暗示	indication
biologic	生物的；生物学的	biologic, biological
rezolva	决定；分解；决心	to resolve, to take care of
advers	不利的；敌对的；相反的	adverse
nuclear	核子的；原子能的；核的	nuclear
adoptare	采用；采纳；收养	adoption
îndrepta	弄直；整顿；清理	to straighten, to mend, correct, improve, recover, to change oneself f…
absență	缺席；缺乏；没有	absence
infecție	传染；影响；传染病	infection
băiat	男孩	boy
variantă	变体；异体	variant
pedepsi	处罚；惩罚；严厉对待	to punish, chastise, to educate
actor	男演员；行动者	actor
servi	可作...用；服务；经历	to serve, to serve up, dish up, to wait on, attend
consultație	请教；咨询；磋商会	consultation
judeca	审理；鉴定；判断	to judge
achiziționa	购买；赢得；努力取得	to purchase
coleg	同事；同僚	colleague
scăpa	放下；掉下；下降	to drop, to fall down from one’s hand, to rescue oneself, get away fro…
notar	公证人	notary
sucursală	树枝；支店；支流	branch
buletin	公告；布告；公报	bulletin, ID card
amintire	记忆；记忆力；回忆	memory, recollection
ciclu	周期；循环；自行车	cycle
sancționa	制定制裁规则；认可；核准	to sanction
restitui	复原；归还	to restitute
generație	年龄；老年；成年	age, generation, lifetime
nerambursabil	不可退款的	non-refundable
margine	边缘；尖锐；刀刃	edge, margin, border, limit
global	通用的；全球的；球形的	global
victimă	受害人；牺牲者；牺牲品	victim
rus	俄国的；俄语的	Russian
plângere	叫喊的；嚎哭的；迫切的	crying, complaining, bellyaching, grievance, complaint, gripe
preot	祭司；牧师；神父	priest
iniția	开始；传授基本知识给	to initiate
poștal	邮政的；邮局的	postal
conveni	可接受的；合意的；可忍受的	to be agreeable, acceptable
teoretic	理论上的；好理论的	theoretic, theoretical, abstract, conceptual
combatere	用具；装备；套具	tackling
dublu	两倍的；双重的	double
utilaj	装备；设备；才能	equipment, machine
acut	尖锐的；敏锐的；激烈的	acute
discuta	讨论；论述	to discuss, to speak, to talk
club	俱乐部；木棍；球棒	club
strânge	勒紧；使变紧	to tighten, squeeze, to fasten, to collect, gather
auditor	审计的；审计员的；通过听觉的	auditorial
lot	小块土地；地区图；图	plot, batch, lot
ataca	攻击；抨击；动手干	to attack
lansa	投；掷；向前倾跌	to pitch, to launch
bloc	街区；木块；石块	block, a heap or an ensemble of objects of the same type that form…, a…
tradițional	传统的；惯例的	traditional
dispărea	消失；不见	to disappear, vanish
oral	口头的；口述的；口部的	oral
arie	打谷场；禾场	threshing floor
rubrică	红字标题；红色印刷；题目	rubric
metal	金属；金属制品；合金	metal
extraordinar	非常的；特别的；非凡的	extraordinary
refuz	拒绝；推却；优先决定权	refusal
dificultate	困难；难点	difficulty
univers	宇宙；星系；(思想等)范围	universe
criticat	批评	criticized
lichid	液体的；透明的；明亮的	liquid, fluid, molten
institui	创立；开始；制定	to institute
utilitate	功用；有用之物；实用	utility
preparat	准备；预备；预习	preparation
imobiliar	不动产	real estate
cititor	读者；读物；文选	reader
alianță	联盟；联合	alliance
împărți	均分；分担；分享	to share, apportion, assign, dole, impart, to divide, split up, separa…
mort	死的；不活泼的；麻木的	dead
comandant	司令官；指挥官	commander
trupă	军队；一群；一队	troop, band
spiritual	精神上的；神圣的；崇高的	spiritual
invita	邀请；请求；引起	to invite
primărie	市政厅	city hall
concret	具体的；实在的；混凝土的	concrete
plânge	哭；叫；喊	to cry, weep, to mourn someone, to complain
ghid	引导者；导游；指南	guide
socialist	社会主义者；社会党党员	socialist
mânca	吃；腐蚀	to eat, to eat away at, corrode, to itch
incidență	发生；发生率；影响	incidence
aeronavă	航空器；飞机	aircraft
repartizare	分配；分摊；分派	apportionment
anunț	公告；发表；告知	announcement
elimina	除去；排除；剔除	to eliminate
emisie	广播；传播	broadcast, show, issue, emission
întinde	伸展；张开；曲解	to stretch, lengthen, to spread out, lengthen out, stretch out, widen…
conferi	允许；承认；授与	to grant, to confer, to bestow, to award
exploatație	开发；开采；剥削	exploitation
diplomatic	外交的；老练的	diplomatic
muzeu	博物馆	museum
proză	散文	prose
polițist	警察	policeman
clasic	古典的；正统派的；经典的	classical
râu	河；江	river
vânt	风；气息；气味	wind
soi	种类；品种	breed, kind, ilk, species, variety, race
favorabil	有利的；赞许的；良好的	favorable
sferă	球；球面；球体	sphere
exclude	除外；排除；排斥	to exclude
semnare	签署	signing
privitor	观众；目击者；旁观者	spectator
renal	肾脏的；肾的	renal
regăsi	取回；挽回；弥补	to retrieve
carieră	事业；生涯；成功	career, quarry
comision	委任状；任官令；所委职责	commission
anchetă	质询；探索；调查	inquiry
aduna	聚集；集合；渐增	to gather, to collect, bring together, to assemble
colabora	合作；勾结	to collaborate
incendiu	火；炉火；电炉	fire
sever	严厉的；绝对的；详尽的	strict
păr	头发；毛发；些微	hair
studia	学习；读书；研究	to study, to study, research
deținere	把持；支持；保持	holding, owning
specializare	专业化；特殊化；专门化	specialization
rezolvare	解决；解答；溶液	solution
reținere	保持；留置；保留	retention, temporary arrest
imperiu	帝国；帝权	empire, rule, reign, dominion
cal	马；骑兵；脚架	horse, knight
contemporan	同时代的；属于同一时期的	contemporary
actualiza	更新；使现代化	to update, to refresh
modernizare	现代化	modernization
vale	山谷；溪谷；流域	valley
preluare	接管；继承	taking over
prestație	利益	benefit, service
căutare	搜寻；查究	search
voință	意志；决心；意愿	will
coborî	下降；世代相传；屈尊	to descend, dismount, alight, to lower, reduce, to get off
executor	行政上的；将来实施的；将来生效的	executory
component	元件；组件；成分	component
căsătorie	婚姻；结婚；婚礼	marriage, wedlock, matrimony
adânc	深的	deep, profound, serious
parc	公园；停车处	park
speranță	希望；信心；期待	hope
card	卡片；纸牌；节目单	card
vârf	顶部；顶端；极点	pointed tip, top, upper extremity of something, peak, summit of a moun…
muzical	音乐的；声音美妙的；喜爱音乐的	musical
constant	不变的；一定的；时常的	constant
percepe	感觉；认知；理解	to perceive, to charge a commission or fee
trezi	(使)起床；(使)起立；(使)爬上	to get up, wake up, to rouse, awaken
certifica	证明；保证	to certify
monument	纪念碑；纪念物；石碑	monument, memorial
subordonat	下级的；次要的；附属的	subordinate
proteja	防卫；保护；警戒	to protect
penitenciar	监狱；收容所；教养所	penitentiary
punctaj	得分；抓痕；二十个	score, brief, sketch
teză	论题；论文	thesis
sold	平衡；差额	balance
urca	攀登；上升；爬	to climb, ascend, go up, rise, to mount, to get in, board
prejudiciu	损害；伤害	damage
umbră	阴影；荫；影子	shadow
extindere	延长；扩充；范围	extension
băutură	饮料	beverage, drink
împărat	皇帝；君主	emperor
tendință	趋向；倾向	tendency
organizatoric	组织的	organizational
abatere	背离	deviation
părere	意见；评价；主张	opinion, view, judgement, belief, notion, conviction
orientare	定方位；适应；向东方	orientation
frunză	叶；树叶；花瓣	leaf
vas	船；容器；脉管	vessel, general term for receptacle or container, watercraft, cask
acceptare	接受；接纳；承认	acceptance
scaun	椅子；显要的席位；主席	chair, seat, stool, throne, seat of power, by extension capital
simbol	符号；象征；代号	symbol
cântec	歌；曲；鸣声	song
viziune	视觉；眼光；视力	vision
cenzor	检查员	censor
țesut	薄的织物；薄纱；棉纸	the action of weaving, tissue
prelungi	延长；拖延；拖长	to prolong, elongate, extend, protract, to drag out, to last
capitală	首都	capital
reflecta	反射；反映；招致	to reflect
scuti	使免除；豁免	to exempt, exonerate, spare, save, absolve of
contracta	使皱缩；使缩短；感染	to contract
reorganizare	改组；再编制；改造	reorganization
independență	独立；自立；自主	independence
voluntar	自动的；自愿的；故意的	voluntary
distrugere	破坏；毁灭	destruction
bogat	富裕的；富饶的；浓厚的	rich, wealthy, luxurious, expensive
fundație	基础；根据；建立	foundation
bursă	证券交易(所)	stock exchange, scholarship
investitor	投资者	investor
ștampilă	印；邮票；打印器	stamp
delega	委派...为代表	to delegate
avantaj	优点；便利；好处	advantage
bea	喝；喝酒	to drink
cerc	圆周；社交圈；循环	a circle
mănăstire	修道院；僧侣	monastery
psihologic	心理学的；精神上的；心灵的	psychological
regat	王国；领域	kingdom
chestiune	事件；物质；原因	matter, concern, question, problem, issue
facilitate	容易；灵巧；设备	facility
convinge	说服；使相信	to convince, to persuade, to convince oneself, to reassure oneself
farmaceutic	药学的；制药的；药用的	pharmaceutical
mineral	矿物的；似矿物的	mineral
revizuire	校订；修正；修订本	revision
unit	联合的；团结的；一致的	united
tablou	木板；甲板；膳食	board, blackboard, writing board, canvas, painting, picture, engraving…
salarial	薪水	salary, wages
prelungire	延伸；延长；延长部分	prolongation
drag	亲爱的；昂贵的；严重的	dear
recupera	重新获得；恢复；复原	to recover, recuperate
componență	结构；构造；建筑物	structure
ortodox	正统的；传统的；惯常的	Orthodox
familial	家族的；家庭的	familial
circuit	电路；环(行)道；巡回	circuit
gest	手势；姿态	gesture
împrumutat	出借；借出；供出借	on loan
noțiune	概念；观念；想法	notion
cumpărător	买主；买方	buyer
dolar	美元；元(加、澳等国货币单位)	dollar
câștig	假设法	first-person singular present indicative/subjunctive of câșt…
toamnă	秋天；成熟期	autumn
accizabil	应征税的	exciseable
progres	进步；发展；前进	progress
parametru	参变数；参变量；参数	parameter
dunăre	多瑙河	Danube
bandă	带子；录音带；磁带	tape, band, lane
metru	公尺；格律；韵律	metre
angajare	诺言；约会；婚约	engagement, employment
bucată	块；片；篇	piece, bit, fragment, morsel, of food
alimentație	食物；养料	food
povesti	讲故事	to tell a story
cooperativă	合作的；合作社的	cooperative
anula	取消；删去；抵销	to cancel
egalitate	平等；均匀；相等	equality
palat	宫；宫殿；华丽大厦	palace
englez	英文的；英国人的	English
muncitor	工人；劳动者	worker, labourer
stadiu	阶段；舞台；场所	stage
absolvent	毕业生；量杯	graduate
academie	学院；院校；学会	academy
suna	发出声音；回响；测深	to ring or produce a sound in general, to sound, to make something rin…
structural	结构的；建筑的	structural
deget	手指；指状物；(手套的)手指部分	finger, digit
spera	希望；期望；信赖	to hope
urban	彬彬有礼的	urbane
tăia	切；割；减少	to cut
transporta	传送；运输；流放	to transport
decurge	产生；结果；致使	[+din] to stem, to result, to proceed, to trend, to unfold
reparare	补偿；赔偿；弥补	reparation
compoziție	作文；创作；组成	composition
simptom	症状；征候；征兆	symptom
antrepozit	仓库；货栈；大商店	warehouse
proaspăt	新鲜的；新奇的；另外的	fresh, sweet, pure, clean - when referring to air
liberal	慷慨的；不拘泥的；宽大的	liberal
competiție	竞争；竞赛	competition
excepțional	例外的；异常的；特别的	exceptional
minoritate	少数；未成年；少数民族	minority
uscat	干的；无酒的；枯燥无味的	dry, dried
ofertant	出价人；投标人	bidder
psihic	灵魂的；精神的；心灵的	psychic
distruge	破坏；毁坏；消灭	to destroy
caracteriza	描绘...的特性；刻划...的性格	to characterize
sărbătoare	假日；假期；节日	holiday, feast, festival, celebration, vacation
explicație	解释；说明；辩解	explanation
expoziție	表现；展览会；展览品	exhibition
repartiza	分配；散布；分发	to distribute, share, apportion
argument	争论；论证；论据	argument
violență	猛烈；暴力；暴虐	violence
întrerupere	暂停；中止；停顿	pause
achiziționare	购买；购买品；紧握	purchase
insulă	岛；岛屿；孤立地区	island
capabil	有能力的；能的；能干的	capable
înălțime	高度；海拔；高地	height, elevation, pitch, highness
magazin	商店；工厂；车间	shop, supermarket, magazine
soldat	军人；士兵；兵蚁	soldier
revocare	废止；取消；撤回	revocation, dismissal
apăra	防卫；保护；警戒	to protect, defend, guard, to defend oneself
festival	节日；庆祝；欢宴	festival
repeta	重做；重复；复述	to repeat, to repeat oneself, to rehearse, practice, drill
săvârșire	犯（错误）；提交；答应负责	committing, perpetration
specializa	使特殊化；列举；特别指明	to specialize
precizare	规格；详述；详细说明书	specification
colecție	收集；采集；(一批)收藏品	collection
grădină	花园；果园；菜园	garden
destina	注定；预定	to destine
râde	笑；大笑	to laugh
mijlociu	中央的；中庸的；中间的	middle
validare	批准；确认	validation
selecta	选择；挑选	to select
întruni	聚集；集合；渐增	to gather
striga	呼叫；召集；打电话	to call, to shout, yell, scream
suferință	苦难；受苦	suffering, misery, agony
fereastră	窗户；窗子；窗口	window
traseu	路径；途径；路线	route
amortizare	摊销	amortization
erou	英雄；超越常人者；男主角	hero
accesoriu	附件；零件；附加物	accessory
câine	狗；坏蛋	dog
destin	命运；定数	destiny
tragere	发射；猎场；射击	shooting
grafic	生动的；轮廓分明的；绘画似的	graphic
muta	移动；开动；感动	to move, shift, to move to, relocate
cancer	癌；恶性肿瘤	cancer
cetate	城堡	citadel
demers	步骤；步；步幅	step, action towards a goal, approach
actualizare	更新	update
interpreta	解释；演出；翻译	to interpret
pasiv	消极的；被动的；冷漠的	passive
mărime	大小；尺寸；规模	size, magnitude, greatness
împlini	装满；填充；弥漫	to fill, to complete, fulfill, to gain weight
sugera	提议；建议；促成	to suggest
cita	引述；举证；报(价)	to quote
educațional	教育的；教育性的	educational
primăvară	春天；弹簧；跳跃	spring
omologare	证明	homologation, certification
intracomunitar	欧盟内的	intra-Community
multiplu	倍数；并联	multiple
afișa	陈列；显示；表现	to display, exhibit, show
coeficient	系数	coefficient
cutie	盒子；箱；方框	box
opta	第八；八分之一	eighth
disponibilitate	有效性；可利用性；可利用的人	availability, a spiritual state in which sentiments and ration manifes…
treabă	工作；劳动；职业	work, business, one's personal affairs, stuff, matter, affair, thing
aplicație	应用；申请；志愿书	application, applique
împlinire	履行；结束；完成	fulfillment
finanțator	金融家；财政家	financer
apreciere	感激；赏识；鉴别	appreciation
maritim	海的；海上的；海事的	maritime
arestare	逮捕；监禁	arrest
turistic	旅行者；观光客	of or relating to tourists
curge	流动；流泄；畅流	to flow, run, drip
sesiune	期间；开庭期；会议	session, stint
întrerupe	中断；妨碍；插嘴	to interrupt, discontinue, cease, suspend
vacant	空着的；没人占的；未被占领的	unoccupied
prag	门阶	doorstep, threshold
fotografie	摄影；摄影术	photography, photograph
condamna	宣判；判决	to sentence, to condemn
strategic	战略的；战略上的	strategic
stimulare	刺激；激励；鼓舞	stimulation
plafon	天花板	ceiling
lovi	打；打击；碰撞	to hit
organic	器官的；有机的；组织的	organic
călător	旅行的；旅行用的；移动的	travelling
asista	帮助；促进	to assist, to aid
sexual	性的；性别的	sexual
vecin	附近的；邻近的；邻接的	neighboring
interdicție	禁令；禁止	interdict
lac	湖；池；色淀	lake
asigurător	保险公司	insurer
sublinia	强调；加强语气；着重	to emphasize
adaptare	适应；改编；改编本	adaptation, adjustment, localisation
beneficiară	女性；女人；雌性动物	female equivalent of beneficiar
autentic	可靠的；可信的；真正的	authentic
lacrimă	泪珠；泪珠状物	teardrop, tear
inițiere	开始；指引；入会	initiation
dentar	牙齿的	dental
genetic	创始的；遗传的；起源的	genetic
canal	运河；水道；管	canal, channel
pod	桥；舰桥；桥梁	bridge, attic, street paved with wood
soră	姐妹；姐；妹	sister
ou	蛋；卵	egg, ball
așteptare	等候	waiting, abeyance
procedeu	程序；进行；过程	process, procedure, method
interesant	有趣的	interesting
album	粘贴簿；唱片套	album
monitoriza	监视；监听；监督	to monitor
combinație	组合；合并；联合	combination, illegal business
treaptă	步骤；步；步幅	step, stair, rung
restricție	限制；限定；约束	restriction
guvernamental	政治的；统治上的；政府的	governmental
remarca	评论；注意	to remark
extinde	扩充；延伸；伸展	to extend
fir	线；丝；纤维	thread, string, filament, wire, a hair
gardă	守卫者；警戒；护卫队	guard, watch, guardsmen, police
expune	展现；陈列；展览	to exhibit, to lay out, to expose, to make known, to expose to a risk…
relua	送还	to take back, retake, to resume, to revive
îmbrăca	打扮；装饰	to dress up, to get dressed, to dress, to clothe, to put on an article…
ploaie	雨；下雨；雨天	rain
prost	简单的；普通的；朴素的	simple, simple-minded, stupid, poor, bad
cruce	十字架；十字架形物件；交叉	cross
tonă	吨	ton
creator	有创造力的；创作的；产生的	creative
tăcere	沉默；无声；静寂	silence, quiet
diminuare	缩减	diminishment
internare	拘留	internment
umăr	肩；肩膀；衣肩	shoulder
declarare	宣告；说明；宣布	declaration
italian	意大利的；意大利语的	Italian
deceniu	十年；十	decade
deficiență	缺点；短处	shortcoming
amănunt	细节；详情	detail, particular
avere	资产	assets, wealth
opoziție	反对；敌对；相反	opposition
semnal	信号；暗号；近因	signal
prefera	宁可；较喜欢；提出	to prefer
plasa	放置；寄予；认出	to place
reclamant	提出要求者；原告	claimant
frunte	额；前额；前部	forehead, brow, the most important or superior part of something, fore…
desemnare	指示；指定；命名	designation
consolidare	巩固；团结；合并	consolidation
consular	领事的	consular
prestator	供应者；供养人；伙食承办人	provider
liniște	沉默；无声；静寂	silence, calm, quiet, peace, serenity, tranquility, equanimity
foaie	床单；张；纸张	sheet, leaf
limitare	限制；缺陷；限额	limitation
pașaport	护照；手段；通行证	passport
val	波；波浪；波动	wave
ridicare	举起；拿起；理解	raising, uptake, development, improvement, growth
colț	角落；转角；窘境	corner, nook, angle, heel
asemănător	相似的；类似的	similar, alike
geografic	地理(学)的；地区(性)的	geographic
mal	海岸；海滨；斜撑柱	shore, riverbank
greșeală	错误；误会	mistake
afișare	显示；陈列；炫耀	display
scoatere	移动；移居；迁移	removal
mixt	混合的；形形色色的；弄糊涂的	mixed
solidaritate	团结；团结一致；共同一致	solidarity
tehnician	技师	technician
apuca	抓取；抢去	to grab, grip, grasp, seize, to start, endeavour, begin to do somethin…
ideal	理想的；完美的；空想的	ideal
lectură	阅读；知识；读物	reading
alocare	配置；分配；拨给	allocation
concepție	观念；概念	conception
dificil	困难的	difficult, choosy, fussy, picky
haină	衣服；衣装；外表	garment, garb, article of clothing, clothing, clothes, attire, coat
senator	参议员；(某些大学的)理事	senator
integra	综合；使完整；使成整体	to integrate
provizion	委任状；任官令；所委职责	commission
avion	飞机	aeroplane
diminua	(使)减少；(使)变小	to diminish
conex	连接的；连贯的；有联系的	connected
fabrică	植物；作物；工厂	plant
federație	联邦；联合；联盟	federation
gestiona	处理	to manage, to run, to administer
tratare	治疗；待遇；处理	treatment
verbal	用言辞的；言语的；口头的	verbal
demnitate	尊严；高贵	dignity, an important post or function
ritm	旋律；节奏；韵律	rhythm
atestat	证明无病的；经检验证明无病的；经检验证明无菌的	attested
profesionist	专业的；职业的	professional
mulțime	运气；签；抽签	lot, ton, large quantity, crowd, set
întâmplare	事件；意外发生的事	happening, occurrence, event, incident, happenstance, chance event
cetățenie	国籍；市民权；市民的身份	citizenship
contractat	收缩了的；已定约的；契约的	contracted
rom	只读存储器	a Romani person, a Rom
estima	估计；评价；判断	to estimate
fugi	跑；奔跑；跑步	to run, to flee, run away, escape
cuvenit	到期的；应得的；应付的	due
reevaluare	再评价	revaluation
spor	增加；增进；利益	increase
democrație	民主政治；民主主义	democracy
atmosferă	大气；空气；气氛	atmosphere
sunet	声音；语音；吵闹	sound, noise
supraveghea	监督；管理；指导	to supervise, oversee, look after, watch.
penalitate	处罚；刑罚；罚款	penalty
integritate	正直；廉正；完整	integrity
complementar	补充的；补足的	complementary
daună	损害；伤害	damage, injury
prescrie	规定；指定；嘱咐	to prescribe
număra	计算；视为	to count, to number among, be one of, to number
gospodărie	房子；住宅；机构	house, household, ménage, farm, economy, housewifery, husbandary
dura	建立；建筑	to build, to make, to light a fire
prefect	长官；地方行政长官	prefect
indice	索引；指针；指数	index
instituțional	制度的；公共机构的；学会的	institutional
hepatic	肝脏的；治肝病的；肝脏色的	hepatic
copilărie	孩童时期	childhood, thought, deed, belief that is childish
gospodărire	经营；支配；管理	management
sindrom	并发症状；综合征；同时存在的事物	syndrome
arde	烧；烧毁；烧伤	to burn, to be on, to fire
pagubă	损害；伤害	damage, harm, loss
rudă	关系；联系；叙述	relation, relative, family, sort, kin, nation, people
ucide	谋杀；损毁；破坏	to murder, to kill, to slay
britanic	英国的	British
premier	总理；首相	prime minister
deficit	赤字；不足额	deficit
clasifica	分类；归类；分等	to classify
victorie	胜利；战胜；克服	victory
neam	家庭；家人；族	family, sort, kin, tribe, ancestry, lineage, descent extraction, origi…
chirurgical	外科的；外科医生的；手术上的	surgical
destinatar	领受者；容纳者；容器	recipient
ac	针；尖	needle
vamă	通行费；代价；钟声	customs duty, toll
povestire	故事；小说；传奇	story
precis	精确的；严谨的；明确的	precise, accurate, exact
sinteză	综合；组织；综合体	synthesis
fericit	快乐的；幸福的；愉快的	happy
episod	插曲；插话；有趣的事件	episode, installment
concert	音乐会；和声；一致	concert
impresie	印象；意念；盖印	impression
interzicere	禁令；禁止	prohibition
cheie	钥匙；键；解答	key, chief
suprem	至高的；终极的；极端的	supreme
ipoteză	假设	hypothesis
încăpere	房间；空位；场所	room
zid	墙；墙壁；垣	wall
ecologic	生态学的；主张生态保护的	ecological
spitalicesc	医院	hospital
rang	等级；排；横列	rank
incident	附带的；偶然的；容易发生的	incidental
vota	投票；选举	to vote
citare	引用；引证；引用文	citation
desen	图画；制图；拉	drawing, picture, cartoon
glas	声音；嗓音；嗓子	voice, mode of Orthodox chant, of which there are eight, words, speech
ureche	耳朵；倾听；听觉	ear
confidențialitate	保密性	confidentiality
pictură	画；绘画；油漆	painting, picture
hotel	旅馆；客栈	hotel
frumusețe	美；美人	beauty
instalare	安装；装置；就职	installation
obligațiune	义务；责任；约束	obligation
salvare	援救；解救；营救	rescue, ambulance
prilej	场合；时机；机会	occasion
reprezentativ	描写的；表现的；代理的	representative
protejare	保护；防卫；贸易保护制度	protection
lecție	课；课业；教训	lesson
rezonabil	合理的；明理的；适当的	reasonable
cuveni	与...一致	to be adequate, to be consistent with, to deserve, merit
prospect	小册子；小册	brochure
congres	国会；会议；讨论会	congress
analitic	分析的；善于分析的；解析的	analytic
reziduu	残渣；剩余；余数	residue
strat	层；产卵鸡；放置者	layer, section, strip, coating
distribui	分配；散布；分发	to distribute
limitat	有限制的；有限的；有限责任的	limited
merit	优点；功绩；价值	merit
evacuare	撤退；疏散	evacuation
dormi	睡觉；睡眠；静止	to sleep
pătrunde	穿透；刺穿；渗透	to penetrate, permeate, pervade, to perceive, grasp, fathom, understan…
opune	反对；以...对抗；抗争	to oppose
dobândire	获得；获得物	acquisition
divin	神的；神圣的；非凡的	divine
filosofie	哲学；人生观；哲学思想	philosophy
stinge	放出；伸出；生产	to put out, extinguish, to turn off, switch off an electric device, to…
rupe	流泪；撕破；赶快	to tear, to tear off, to rend
concepe	构思；认为	to conceive, imagine, to conceive
motivat	有动机的；目的明确的	motivated
pondere	重；重量；体重	weight
importator	输入者；进口商	importer
amplasament	安放；定位置；位置	emplacement
cardiac	心脏的；(胃的)贲门的	cardiac
vârstnic	过了中年的；稍老的	elderly
fuziune	熔合物；结合；熔合	fusion
sări	跳跃；跃过；突升	to jump, to skip
rezoluție	解析；决心；坚定	resolution
întreprinde	试图；从事；保证	to undertake
vira	忍受；支承；产生	to bear, veer
unire	联盟；联合；结合	union, unity
brevet	专利权；许可证；执照	patent, warrant
decont	报销结算	settlement
trăsătură	容貌；相貌；轮廓	lineament, trait, feature
versiune	一种描述；版本；译文	version
desființare	分解；溶解；解散	dissolution
fibră	纤维；构造；纤维制品	fibre
operativ	动作的；运转的；有效的	operative
convocare	召集；集会；教士会议	convocation
catedră	主教的座位；主教的教区；权威人士的地位	cathedra, teacher's desk, chair, department
zâmbi	微笑；觉得好笑	to smile
instala	安装；安置；使就职	to install
descoperire	发现；被发现的事物	discovery
evitare	避免；避开；逃避	avoidance
ceas	小时；钟头；时间	hour, clock, watch
alternativ	替代的	alternative
formație	形成；构造；编队	formation, structure, a team, a band
etichetă	标签；称号；商标	label, tag, label, etiquette
eficacitate	效力	effectiveness
poluare	污染；玷污	pollution
faliment	破产者	bankruptcy
finaliza	使结束；定稿	to finalize
deal	小山；丘陵；小土堆	hill
țăran	农夫；乡下人	peasant, countryman, hick, oaf, hillbilly, an uneducated or brutish pe…
estimat	估计；判断	estimate
achitare	履行；无罪开释	acquittal, payment
depreciere	价值减低；减价；跌落	depreciation
stingere	消失；消灭；废止	extinction
baie	浴室；厕所	bathroom, bath, bathtub
circumstanță	环境；状况；事件	circumstance
nulitate	无效；无效行为；无效证书	nullity
adapta	使适应；改编	to adapt, to localize
echipaj	全体人员；一群人；全体队员	crew
zeu	上帝；神像；偶像	god
estimare	判断；估计；尊重	estimation
sănătos	健康的；有益健康的；卫生的	healthy
prelevare	取样；提取	sampling
celebru	驰名的；有名的	celebrated, illustrious, famous, renowned, notable
izvor	春天；弹簧；跳跃	spring, fountain, origin, source
sâmbătă	星期六	Saturday
umple	装满；填充；弥漫	to fill, fill up, to stuff, cram
vegetal	植物的；植物性的；有关植物生长的	vegetal, vegetable
cadastru	地籍簿	cadastre
maghiar	匈牙利人；匈牙利语	a Hungarian, Magyar.
prescriere	处方；命令；指定	prescription
terminare	完成	completion
clasament	等级；地位	ranking
aeroport	飞机场	airport
sărac	贫穷的；贫乏的；不幸的	poor
zgomot	噪音；杂音；响声	noise
sosi	到达；抵达	to arrive, come, to catch up to, to suffice
livra	递送；陈述；释放	to deliver
preliminar	初步做法；初步措施；预试	preliminary
gât	咽喉；喉咙；嗓音	throat, neck
grec	希腊的；希腊人的	Greek
arbitraj	仲裁；公断	arbitration
sălbatic	野生的；凶猛的；野兽的	feral, wild, untamed, animal, savage, wild, fierce
oglindă	镜子；写真；典范	mirror
platformă	站台；月台；讲台	platform
emoție	情绪；激动；强烈的情感	emotion
stabilitate	安定；稳定性；坚实	stability
uni	联合；接合；混合	to unite, join, to unite
sectorial	部门的	sectoral
curat	干净的；清白的；简洁的	clean
footnotă	脚注	footnote
organizator	组织者	organizer
cantitativ	数量的；定量的	quantitative
moștenitor	继承者；接任者	successor, inheritor, heir
implementa	实现；使生效；执行	to implement
amendament	修订；改善；改良	amendment
consuma	消耗；消费；消灭	to consume
ton	金枪鱼；金枪鱼肉	tuna
depășire	超越的；非常的；极度的	exceeding, taking over
mâncare	食物；养料	food
formulare	系统陈述；公式化；配制	formulation
senzație	摸；触觉；知觉	feeling
atelier	工场；车间；研讨会	workshop
galben	黄色的	yellow
amplasa	放置；寄予；认出	to place
întemeia	建立；创立；铸造	to found, establish, set up, to base on, predicate
occidental	向西方的；来自西方的；西方的	western
marcaj	标志；分数；马克	mark
intenționa	计划；打算；意思是	to intend
durabil	持久的；耐用的	durable
conștient	有意识的；知觉的；觉察的	conscious, aware, cognizant
separa	分开；隔开；分居	to separate
circula	(使)流通；(使)循环；(使)传播	to circulate
solid	坚硬的；稳固的；固体的	solid, firm
democratic	民主的	democratic
neîndeplinire	未履行	non-fulfilment
bănesc	金钱的；金钱方面的；课罚款的	pecuniary
condamnare	定罪；信服；坚信	conviction
vizita	拜访；访问；参观	to visit
convoca	集合；召集；召唤	to convene
rezident	住处	having permanent residency
judecare	审判；判决；判断	the act of judging, judgement, estimation, appreciation, criticism, ce…
dizolvare	分解；溶解；解散	dissolution
consecutiv	连续的；联贯的	consecutive
fragment	碎片；破片；片段	fragment
legumă	蔬菜；植物；无精打采之人	vegetable
corupție	腐败；堕落；贪污	corruption
ciudat	奇怪的；陌生的；生疏的	strange, unusual, weird, awesome
viză	签证	visa
preocupare	关心；忧虑	concern
locație	租用；出租	renting, leasing, tenancy
graniță	边界；分界线	boundary, border
surprinde	使惊奇；撞见；奇袭	to surprise
caiet	笔记本；手册；期票簿	notebook, exercise book
extras	碎片；破片；片段	fragment of a work
salva	解救；挽救；储蓄	to save
merita	该得到；值得	to deserve, to merit, to be worth it
îndepărta	使疏远；使离开；离间	to estrange from, distance from, to remove, dispose, to estrange onese…
interacțiune	交互作用；交感	interaction
metalic	金属的；含金属的；产生金属的	metallic
alocație	津贴；零用钱；限额	allowance
somn	睡眠；静止；昏迷	sleep, lack of sleep, sleepiness
concentra	聚焦；注视	to focus
veac	世纪；百年	century
renunțare	否认；拒绝	renouncement
originar	原产的	originating
chirie	租金；房租；出租物	rent
proteină	蛋白质	protein
folos	使用；习惯；使用价值	use, benefit, gain
cartier	四分之一；一刻钟；季度	quarter, district, neighbourhood
rugăciune	祈祷；恳求；祷辞	prayer, orison
drog	药；麻药；麻醉药	drug
târg	市场；交易；集市	market, market town, fair
băga	插入；把(人造卫星)射入(轨道)；添写	to insert, put in, put into, to shove, thrust, to meddle
încuraja	鼓励；支持；激励	to encourage
gust	味道；品味；味觉	taste
poetic	诗的；诗意的；诗人的	poetic, poetical
tranșă	薄的切片；一部分；菜刀	slice, batch
căsători	与...结婚；娶；嫁	to marry, wed, get married, to get married, to marry or wed someone to
vizual	视觉的	visual
deplasa	替换；转移；改变	to shift, move, to remove, to displace
necorporal	无形的	intangible
subteran	地下的；秘密的	underground, subterranean
înger	天使；守护神；善人	angel
mit	神话；虚构的事；虚构的人	myth
grefier	记录者；登记者；登记官员	registrar
majora	增加；加大	to increase
trist	忧愁的；悲哀的	sad
delegație	代表团；派遣代表团；代表的地位(或权力)	delegation
rațiune	理由；原因；理智	reason, faculty of reasoning, discretion, wisdom, reasonableness, moti…
definire	定义；精确度；清晰度	definition
exprimare	表达；表现；词语	expression
telecomunicație	电讯；远距离通讯；无线电通讯	telecommunication
traduce	翻译；解释；转化	to translate
secundă	帮助；促进	to assist
aport	出资	contribution
leziune	损害；身体上的伤害	lesion, wound, injury
aparatură	装置；器具；器官	apparatus, equipment
derivat	引出之物；派生物；衍生字	derivative, derivation
excepta	除；除外	to except
optim	最优的；最适宜的	optimum
buză	唇；口缘；唇状构造	lip, edge of scar, labia
prinț	王子；亲王；国君	prince
palmă	手掌；棕榈；胜利	palm, slap
specificație	规格；详述；详细说明书	specification
aripă	翅膀；翼；机翼	wing, fin, mudguard
virus	病毒；滤过性病毒；毒害	virus
discriminare	差别；岐视；辨别力	discrimination
stâng	左边的；左倾的；左侧的	left
provincie	省；地方；职权	province
mișca	移动；开动；感动	to move, get going, move one’s ass
arterial	动脉的；脉络状的；干线的	arterial
îndrumare	指导；领导	guidance
elvețian	瑞士人；瑞士腔调	Swiss
os	骨头；骨；骨制品	bone
calculator	计算者；计算器	calculator, computer
semestrial	每半年的	half-yearly
motivare	动机；刺激；推动	motivation
mormânt	墓穴；坟墓；终结	grave, tomb
socoti	计算；预测；计划	to calculate, compute, to reckon, think over, consider, ponder over, t…
conduită	行为；举动；指导	conduct
intensitate	强烈；紧张；强度	intensity
pensionar	领养老金者	pensioner
deduce	推论出；推断	to infer, deduce
figura	出现；显得；来到	to appear, be included
participație	桩；炮烙刑；木柱	stake
memorandum	备忘录；外交备忘录；交易备忘录	memorandum
meci	比赛；火柴；对手	match
lanț	链；枷锁；束缚	chain
deriva	得自	to derive
căpăta	获得；达到	to obtain, acquire, get, earn, to receive, get as a present, to collec…
psihologie	心理学；心理状态	psychology
calitativ	性质的；质的；定性的	qualitative
reproduce	繁殖；再生；复制	to reproduce
consimțământ	同意；许可	consent
stăpân	主人；硕士；大师	master, owner, possessor
cotidian	每日的；日常的	daily
știre	新闻；消息；报导	news, tidings
intens	非常的；强烈的；紧张的	intense
etică	道德规范	ethics, morality
irevocabil	不能挽回的；不能取消的；不能变更的	irrevocable
remunerație	报酬	remuneration
fundamentare	实体化；证实；证明	substantiation
receptor	接收器	receiver
artificial	人造的；假的；非原地产的	artificial
amenințare	恐吓；恶兆；威胁	threat, danger
comite	委托(托付)；犯罪；指派...作战	to commit, to perpetrate, to make
civilizație	文明；教化	civilization
delegare	代表团；派遣代表团；代表的地位(或权力)	delegation
lansare	下水；汽艇；发射	launch, release
pronunțare	发音；读法	pronunciation, pronouncement
rădăcină	根；根本；根源	root
accent	强调；加强；重点	emphasis, accent
comunism	共产主义	communism
protejat	受保护的	protected
consulta	商讨；商量；协商	to consult
visa	做梦；想象；梦想	to dream
aprovizionare	补给；供给；供应品	supply
plasament	投资	investment
copac	树；木料；树状物	tree
restructurare	改组；再编制；改造	reorganization
fin	好的；晴朗的；健康的	fine, delicate, subtle
pasager	乘客；旅客	passenger
educativ	教育的；教育性的	educational
informațional	信息的；情报的；提供消息的	informational
etaj	地板；楼层；底部	floor
sancționare	核准；制裁；处罚	sanction, punishment
clasificat	分类的；被归入某类的；被指定为机密的	classified
mediere	调停；调解；中介	mediation
feminin	女性的	feminine
adresat	编址的；收信地址；处理	addressed
identic	同一的；恒等的；完全相同的	identical
încărcare	装载；装填	loading
sân	胸部；乳房；胸怀	breast
regal	王室的；皇家的；盛大的	royal, regal
sistematic	有系统的；分类上的；体系的	systematic
variație	变更；变化；变种	variation
paralel	平行的；相似的	parallel
negocia	商议；谈判；交涉	to negotiate
talent	天才；才能；有才干的人	talent
valoric	价值；价格；购买力	value
implicare	牵连；含义；暗示	implication, involvement
consultant	顾问；征询意见者	consultant
confederație	同盟；联盟；组织联盟	confederation
redacta	书写；著述；写	to write, to redact
suspect	可疑的；多疑的；怀疑的	suspicious, doubtful
tranziție	转变；转换；变迁	transition
restant	剩余的	outstanding
eșantion	样品；范例；样本	sample
mină	矿；地雷	mine
refacere	恢复；归还；复位	restoration, redo
continuitate	连续性	continuity, continuousness
încredința	信托；交托；委托	entrust
imagina	想像；设想；猜测	to imagine
includere	包含；内含物	inclusion
plen	充实；充满	plenum
alcoolic	酒精的	alcoholic
excludere	排除；除外；逐出	exclusion
satisface	使满意；满足；符合	to satisfy
recipient	容器；集装箱	container
uzat	使用过的；二手的；习惯的	used, worn out, worn away, overused, depleted
contraveni	违反；触犯；否认	to contravene
sezon	季节；时节；当令期	season
zăpadă	雪；积雪；下雪	snow
oportunitate	机会；时机	opportunity
stațiune	车站；站；局	station, stop
acuza	指责；控告；归咎于	to accuse
considerent	考虑；原因	consideration
expeditor	寄件人；发报机	sender
credincios	信任他人的；有信仰的	believing, pious, faithful, loyal
prioritar	优先权；优先	having priority
amânare	延期；休会；休会期间	adjournment
dividend	被除数；股利	dividend
pretinde	假装；伪称；自命	to pretend, to claim, allege, assert, insist on, to aspire to
uriaș	巨人；大力士；巨大怪物	giant, ogre
imposibilitate	不可能之事；不可能	impossibility
episcop	主教；(国际象棋中的)象；热果子酒	bishop
numă	（无变音拼写）名字	name (no-diacritics)
amesteca	使混合；弄混；使结合	to mix, mix up, to stir, to combine
împuternici	授予权力；允许；使能够	to empower
complexitate	复杂；复杂性；复杂的事物	complexity
centralizator	使处于中央的控制之下；把…集中于中央	centralizing
sintetic	综合(性)的；人造的；合成的	synthetic
pâine	面包；生计；食物	bread, loaf of bread
carnet	笔记本；手册；期票簿	notebook, driving license
petrolier	油；石油；油画颜料	oil
comprimat	平板；门牌；笔记簿	tablet
cădere	落下；瀑布；采伐量	fall, tumble
praf	灰尘；尘埃；粉末	dust, powder
portofoliu	投资组合	portfolio
necunoscut	不知道的；未知的；陌生的	unknown
front	前面；开头；前线	front, front line
invenție	发明；创作能力；虚构的故事	invention
simț	感应；感觉；感官	sense
raion	区	district
crimă	犯罪；冒犯；违反	major crime, offence, or wrongdoing, murder
întoarcere	回来；返回；来回票	return
meserie	职业；表白；声明	profession, handicraft, trade
vânzător	销售者	seller, vendor, salesman, traitor
afirmație	陈述；指令；声明	statement
adecva	适当的	adequate
caracteristic	特性的；特有的；有特色的	characteristic, particular
vinovat	犯罪的；有过失的；自觉有错的	guilty, culpable
scenariu	手迹；手稿；正本	script, screenplay
adeverință	证书；证明书	certificate
invitație	邀请；请柬；引诱	invitation
sosire	到达；抵达；到达者	arrival
regularizare	规则化；调整	regularization
obișnui	习惯于...	to accustom to, habituate to, to get accustomed to, familiarize with…
debut	初次登台；开张	debut, outbreak
sindicat	联盟；联合；结合	union
basarabia	比萨拉比亚	Bessarabia
detaliat	详细的；复杂的	detailed
placă	匾；饰板；名牌	plaque, plate, disk, record
documentar	文件的	documentary
iliescu	姓；别号；绰号	a surname
facilita	使容易；促进；帮助	to facilitate
motiva	给与动机；刺激；提高...的学习欲望	to motivate
gazdă	主人；旅馆老板；节目主持人	host
municipal	市政的；自治区的；内政的	municipal
slujbă	礼拜	divine service, job, employment, post, service, public function
regizor	电影导演	film director
convingere	定罪；信服；坚信	conviction
îndatorire	责任；关税；职务	duty, obligation, favor, financial obligation
tarifar	关税；关税表；价格表	relative to a tariff
dezvălui	揭露；透露	to disclose, to expose, to unveil, to emerge, to reveal oneself, to un…
rasă	种族；人种；赛跑	race, breed
orizont	地平线；眼界；(天)视地平	horizon, skyline
căpitan	船长；指挥官；海军上校	captain, commander
iarbă	草；草原；牧场	grass, herb, weed
jucător	竞赛者；上场队员；游戏者	player, dancer
depozitar	仓库；贮藏所；受托者	depository
legitim	合法的；正当的；婚生的	legitimate
săptămânal	每周的；一周一次的；周刊的	weekly
bilateral	双行道的；两路的；相互的	two-way
formalitate	礼节；拘谨；正式手续	formality
sfat	商议；忠告；法律顾问	counsel, advice, tip, council, conversation
taină	秘密；神秘；奥秘	mystery, secret, sacrament
explorare	探险；踏勘；探测	exploration
tranzitoriu	暂时的；短暂的；昙花一现的	transitory, transitional
curativ	治病的；有疗效的	curative
antrepozitar	保税仓库的	bonded warehouse (adj.)
garantat	有保证的；有人担保的	guaranteed
igienă	卫生保健；卫生学；保健法	hygiene
difuzare	散播；传播；蔓延	diffusion, broadcast
abuz	滥用；虐待；恶习	abuse
bazin	盆；盆地	basin, reservoir, swimming pool
mărturisi	承认；坦白；忏悔	to confess, to avow
tăcea	关闭；监禁；住口	to be silent, say nothing, to shut up, to leave unsaid, make no mentio…
preferință	偏爱；优先；喜爱物	preference, liking
calculare	计算；考虑；计算的结果	calculation
cardiovascular	心血管的	cardiovascular
navigație	航行；航海；导航	navigation
formal	正式的；形式的；礼仪的	formal
hai	us 让我们	let's
audiovizual	视听的；视听教学的	audiovisual
semăna	相似；类似	to resemble, look like
incompatibilitate	互不相容的东西；不相容	incompatibility
adolescent	十三岁到十九岁的少年	teenager
vacanță	假期；休假	vacation, holiday, recess, vacancy
distincție	区别	distinction
purtător	带信人；票据持有人；搬运者	bearer, carrier
aparent	表面上的	seeming
maestru	主人；硕士；大师	master, teacher, maestro, conductor
pahar	玻璃；玻璃杯；透镜	glass
duh	精神；心灵；灵魂	spirit, ghost
încărca	控诉；加罪于；使充满	to charge, to load, burden, to load equipment with material required f…
frază	惯用语；词组；成语	sentence made up of at least two clauses, phrase
re	不动产；房地产	re
dare	礼物；给予物	giving, tax
nor	云；阴暗；烟雾	cloud
justificare	辩护；证明正当；释罪	justification
chirurgie	外科；手术；手术室	surgery
inovare	改革；创新	innovation
monetar	详细目录；存货清单	inventory of the coins and banknotes at a cash register
mărturie	证言；证据；声明	testimony, witness, proof, evidence
rectificare	改正；矫正；整流	rectification
atașa	附上；使依附；使附属	to attach
conta	计算；视为	to count, be an example of something, to count on
tumoare	肿大；肿块；瘤	tumor
posesie	拥有；占有；所有	possession
autonomie	自治；自治权	autonomy, range, autonomous region
prețios	宝贵的；珍贵的；过于精致的	precious
cursă	种族；人种；赛跑	race
estetic	美学的；审美的；有美感的	aesthetic
colaborator	合干者；合作者；通敌者	collaborator, co-worker
călin	绣球花	guelder rose
porc	猪；猪肉；贪婪的人	pig, hog, swine, pork
sentință	句子；命题；宣判	sentence
dedicat	专注的；献身的	dedicated
aeronautic	航空的；航空学的	aeronautical
bătălie	战役	battle
reuniune	团圆；重聚	reunion
segment	片段；部分；分节	segment
rost	次序；规则；命令	order, sense, meaning, purpose, aim
soartă	命运；运气	fate, destiny, chance, luck
neregulă	错误的；不正当的；失常的	wrong
distinge	区别；辨别	to distinguish, discern, perceive
compensație	补偿；赔偿金；工资	compensation
neîntemeiat	没有事实根据的；没有理由的；虚幻的	unfounded, baseless, groundless
manipulare	操作；处理	manipulation
proiecta	设计；计划	to design
indicare	指示；象征；暗示	indication
condiționa	使健康；以...为条件；决定	to condition
comerciant	经销商；商人	dealer, tradesman, trader, shopkeeper
donație	捐助；捐助之物；贡献	contribution, donation
urgent	紧急的；急迫的；催逼的	urgent
succesiv	继承的；连续的	successive
regulat	规则的；常例的；有秩序的	regular, even, steady
pretenție	自负；骄傲；主张	pretension, claim
prietenie	友谊；友爱；友善	friendship
declanșa	触发；发射；引起	to trigger
anglia	角；角度；角落	Angle
șterge	擦；揩；消灭	to wipe, clean, clear, to erase, remove, rub out, to lose its shine or…
incintă	区域；管理区；管辖区域	precinct
lovitură	打击；打；冲撞	a hit, blow, kick
oprire	停止；车站；逗留	stop, halt, station
temeinic	十分的；彻底的	thorough
curaj	勇气；胆量	courage, guts, bravery
confrunta	使面对；对抗；遭遇	to confront
tabără	露营；帐篷	camp, encampment, training camp, group that opposes another group
pictor	画家；油漆匠	painter
nervos	生气的；愤怒的	angry
întuneric	黑暗；暗；深色	darkness, dark
aprinde	点燃；照亮	to light, to turn on, to fire up, to start burning, to catch fire
pulmonar	肺的；与肺有关的；有肺的	pulmonary
ilegal	违法的；不合规定的	illegal, unlawful
manevră	演习；调遣；策略	maneuver
ram	树枝；支店；支流	branch, bough
vagon	四轮马车；货车	wagon, carriage, coach, car
minunat	令人惊奇的；奇妙的；极好的	wonderful
lățime	宽度；宽广；广博	width, breadth
aducere	带来；促使；提供	bringing
mediator	调停者；传递者；基督	mediator, intermediary
reproducere	再现；复制；生殖	reproduction
petrol	石油	petroleum, oil
arhitectură	建筑学；建筑式样	architecture
enumera	列举；计算；枚举	to enumerate
parcurge	漫游；闲逛；徜徉	to roam, wander, to travel, to skim through, to browse
inspira	吸入	to breathe in, to inspire
detalia	详述；选派	to detail
logică	逻辑；逻辑学；推理的方法	logic
omenesc	人类的；似人类的；人性的	human
înlătura	移动；调动；除去	to remove, to eliminate, to discard
referat	报告；报道；传说	report/paper
sensibil	敏感的；易感的；灵敏的	sensitive
introductiv	介绍的；引导的；开端的	introductory, preliminary
lingvistic	语言的；语言学的	linguistic
divizare	分；分开；除法	division
urmaș	继承者；接任者	successor, descendant, offspring, inheritor, heir
milă	同情；怜悯	compassion, mercifulness, pity
reper	锚	anchor, benchmark
comercializa	使商业化；使商品化；使能营利	to commercialize
grupare	分组	grouping
consultativ	商议的；协议的；咨询的	consultative
transparență	透明；透明度；透过性	transparency
fura	剽窃；偷偷地做；偷窃	to steal, to defraud, to steal from someone
poseda	拥有；支配；自认	to own
hartă	地图；天体图；映像	map
privilegiu	特权；特别恩典；基本权利	privilege
autoturism	汽车；客车	car
concentrare	集中；专心	concentration
imens	极广大的；无边的；非常好的	immense
rosti	说；讲；念	to say, utter, pronounce, articulate, intone
ameliorare	进步；改善；利用	improvement
evaluator	评估人	evaluator
grăsime	脂肪；脂油；肥肉	fat, grease, fatness
ucraina	乌克兰（原苏联一加盟共和国；现已独立）	Ukraine
despărți	分开；隔开；分居	to separate, to separate, to break up, to divorce
roată	轮子；车轮；轮	wheel
dimpotrivă	正相反	on the contrary, opposite
legalitate	合法；正当	legality
aborda	固定；处理；抓住	to tackle, to approach someone
dinte	牙齿；齿状物；爱好	tooth
preveni	警告；提醒；通知	to warn, to prevent
alternativă	替代方案	alternative
inundație	洪水；大量之水；涨潮	flood, inundation
alerga	跑；奔跑；跑步	to run, to goad someone about, in chase or for one’s own purposes, to…
lateral	侧面的；旁边的	lateral
așezare	位置；场所；特定区域	the act of sitting, laying, putting down, location, place, position, s…
transportator	猜火车（电影名）；运输	transporting
desființa	废止；革除；消灭	to abolish
procesare	处理	processing
incapacitate	无能力；不适当	incapacity
magistrat	长官；法官；推事	magistrate
miros	味道；气味；嗅觉	smell, odor, scent, fragrance, perfume
monta	集合；收集；装配	to assemble, to put together
primitor	好客的；招待周到的	hospitable
pereche	一双；一对；一副	pair, couple
cerebral	脑的；大脑的	cerebral
castel	城堡；象棋中的车	castle
combinat	结合的；组合的	combined
accesibil	易接近的；可进入的；可使用的	accessible
textil	织的；纺织的	textile
valida	使有效；使生效；确认	to validate
aviație	航空；航空学；飞行术	aviation
creier	脑	brain, intelligence, mind, spirit
învinge	赢得；打胜；成功	to win, to beat, defeat, vanquish
împinge	插入；猛推；刺	to push so that it moves away), thrust, shove, to goad, drive
bere	啤酒	beer
defect	有缺陷的；欠缺的	defective
eșec	失败；失败者；不足	failure
conversie	转变；转换；改变宗教信仰	conversion
comunal	公有的；公社的	communal
moștenire	遗传；遗产	inheritance
munci	工作；劳动；做	to work
tichet	票；券；车票	ticket
domina	支配；占优势	to dominate
invers	向后	backwards, the other way around
reconstituire	重新组建；重新构建	reconstitution
asimila	使同化；吸收；使相拟	to assimilate
difuza	广播	to broadcast
referent	顾问；征询意见者	consultant, advisor
califica	取得资格；有资格	to qualify
turc	土耳其人；土耳其马	Turk
rațional	理性的；合理的	rational
reluare	取回；恢复；再开始	resumption
oaie	羊；胆小者	sheep, ewe, female sheep
pasiune	激情；酷爱；热爱	passion, ardor
just	正直的；合理的；正确的	just, correct
minier	采矿	mining
inteligență	智力；情报；信息	intelligence, cleverness, understanding, comprehension
etic	道德规范；伦理	ethic
candidatură	提名；任命；提名权	nomination
pontă	鸡蛋；蛋	laying of eggs
nejustificat	无正当理由的	unjustified
muniție	军火；弹药	ammunition
coastă	肋骨；肋状物；笑话	rib, flank, side, coast, seaside
catolic	天主教的；普遍的；广泛的	Catholic
preparare	准备；预备；预习	preparation
arbitral	仲裁的	arbitral
calendar	日历；日程表	calendar, almanac
sensibilitate	敏感；灵敏度	sensitivity
cerceta	检查；调查；考试	to examine, investigate, inspect, scrutinize, search
abilitat	提供周转资金；给...穿着；使...具有能力	to habilitate
bucovina	布科维纳	Bukovina
paliativ	辩解；缓和物	palliative
înconjura	环绕；围绕；包围	to encircle, surround, to circumambulate, encircle
reziliere	分解；溶解；解散	dissolution
contravențional	违章的	contraventional
critica	批评；吹毛求疵；非难	to criticize
sec	干的；无酒的；枯燥无味的	dry, barren, empty, deserted, missing or deficient in something, lacki…
convențional	传统的；习惯的；约定的	conventional
amândoi	两者	both
orienta	向东；朝向	to orientate
acreditat	认可	accredited
legendă	传说；传奇文学；图例	legend
vaccin	牛痘苗；疫苗	vaccine
succesiune	连续；继承权；继位	succession
spăla	洗；洗涤；洗清	to wash, to bathe, wash oneself
stabil	稳定的；安定的；坚固的	stable, steady, firm, fixed, settled
dializă	透析；渗析	dialysis
radical	激进的；根本的；基本的	radical
bucătărie	厨房；全套炊具	kitchen, cuisine
ierta	原谅；宽恕；免除	to forgive, to exempt, to relieve someone of an obligation or a debt…
aptitudine	能力；才干	ability
arhitect	建筑师；设计者；缔造者	architect, creator, architect, planner
tinerețe	年轻；青年时代；青年们	youth
joi	星期四	Thursday
posesor	持有人；所有人	possessor, owner
generator	产生器；发电机；生产者	generator
pensionare	退休；隐居；撤退	retirement
redactor	编者；编辑；主笔	editor
ipotecă	抵押；约束性义务；抵押借款	mortgage
portret	肖像；人像；半身像	portrait
descărcare	下载；卸载	download, unloading
facultativ	可选择的；随意的	optional
întreține	维持；维修；保持	to maintain, keep in repair, upkeep, to provide for, support, foster s…
formațiune	形成；构造；编队	formation, structure, a team, a band
expediere	派遣；急件	dispatch
conduct	管；输送管	duct
turn	塔；高楼；堡垒	tower, rook
cablu	电缆；海底电报；缆	cable, cord
ferm	坚定的；坚强的；牢固的	firm
pag	小听差	pageboy
distribuitor	分发者；分布者；散布者	distributor
investigare	调查；审查	investigation, inquiry
jurisprudență	法律学；法律体系	jurisprudence
acredita	信托；确认；归结于	to accredit
recomandat	被推荐的	recommended
zâmbet	微笑；喜色；笑容	smile
marjă	页边的空白；边缘；界限	margin
manuscris	手稿；原稿；底稿	manuscript
kilometru	千米；公里	kilometer/kilometre
arab	阿拉伯人的；阿拉伯的	Arab, Arabic
coadă	尾部；后部；辫子	tail, line, queue, end
variabilă	易变的事物；变数；可变物	variable
izolat	孤立的；孤零零的	isolated
interpret	直译程序；解释者；口译者	interpreter
dota	捐赠；捐助；赋予	to endow
dărui	赋予	to gift, to give
suedia	瑞典	Sweden
apela	呼吁；诉请；要求	to appeal, to resort, to call
intitulat	有资格的；给与名称的	entitled
furnizat	倘若；以...为条件	provided
ură	憎恨；恨；厌恶	hate, hatred
cămin	壁炉	fireplace, hearth, chimney, hostel
colecta	收集；聚集；集中	to collect
ceda	割让	to cede, to yield, to give up
repetat	重复的；再三的	repeated
jurnalist	新闻记者；从事新闻杂志业的人	journalist
gravidă	女人；妇女；女仆	pregnant woman
învățător	教师；老师；导师	teacher, schoolteacher, pedagogue, instructor
împrumuta	借；贷款给；增添	to lend, to borrow
recurge	诉诸；常去	to resort
substanțial	实质上的；物质的；有内容的	substantial
revoca	撤回；废除	to revoke
stocare	存储器；储藏；保管	storage
restaurant	餐馆；饭店	restaurant
corectare	订正；改正；改正的地方	correction
țigară	香烟；纸烟	cigarette
peisaj	风景；山水；风景画	landscape, scenery
tipări	打字	to type, to print, to imprint
omorî	极其；非常	to kill, to enthusiastically exert oneself, to mortify
îndreptățit	合法的；正直的；恰当的	rightful
notarial	公证人的；由公证人经办的	notarial
eseu	随笔；短文；评论	essay
precauție	小心；慎重；警示	caution
bacalaureat	学士学位；毕业班临别宗教仪式	baccalaureate
radiație	辐射	radiation
însemn	勋章；徽章	insignia
detașare	分离；分遣；分遣队	detachment
geam	窗玻璃；方框；方格	pane, window
promite	允诺；约定；预示	to promise
arbitru	仲裁人；调解人；裁判员	referee, arbiter
legiuitor	立法者；立法官；立法委员	legislator
donator	捐赠人	donor
varia	改变；使多样化	to vary, to differ, to vary, to range
dacia	达契亚	Dacia
motivație	动机；刺激；推动	motivation
perimetru	周长；周界；边缘	perimeter
dramatic	戏剧性的；生动的	dramatic
nominaliza	提名；任命；命名	to nominate, to appoint
liniștit	平静的；冷静的	calm
avansa	前进；进展；提高	to advance, to progress, to put forward, to promote
lichidator	清算人	liquidator
pulbere	灰尘；尘埃；粉末	dust, powder, gunpowder
absolvi	宣告...无罪；赦免；免除	to absolve, to graduate
clarificare	澄清；净化	clarification
insuficient	不够的；不能胜任的；不充足的	insufficient, inadequate, not enough, unfit
berlin	柏林；(软质)柏林毛线	Berlin
destul	足够	enough, plenty, sufficient, quite, pretty, rather, fairly
conservator	保守的；守旧的；有保存力的	conservative
fermă	农场；农田	farm
politician	政客；政治家；从事党派政治的人	politician
înștiința	宣布；声称；显示	to announce, inform, to find out, get wind of
ordinar	平常的；普通的；平凡的	ordinary
abuziv	恶言谩骂的；被滥用的；腐败的	abusive
aliat	同盟者；同盟国；助手	ally
extrage	(费力地)取出；采掘；榨取	to extract
bătaie	打；挫败；搏动	beating, fight, scuffle, scrimmage, range, reach of a device
stângă	左边的；左倾的；左侧的	left
logic	合乎逻辑的；合理的	logical
explicit	详述的；清楚的；直言的	explicit
terorism	恐怖主义；恐怖统治；恐怖状态	terrorism
pedagogic	教育学的；教授法的；小学教师的	pedagogic, pedagogical
dependent	依赖的；从属的	dependent
amplasare	位置；场所；特定区域	location
simbolic	象征的；符号的	symbolic
alegător	选民；投票人	voter
acumulare	积聚；累积；积聚物	accumulation
tub	管；软管；隧道	tube
șir	线；细绳；一串	string, line, chain, series, succession, row, range, sequence
tematică	科目；主题；臣民	subject
scadent	到期的；应得的；应付的	due
naval	海上的；航海的；船员的	nautical
încasat	已收款	cashed
întări	加强；变坚固	to strengthen, to harden, to stiffen
latin	拉丁人的；拉丁语的	Latin
apartenență	会员的资格；全体会员；会员数目	membership
digital	数字显示的；数字的	digital
masiv	大而重的；宽大的；宏伟的	massive
ambulanță	救护车	ambulance
căsuță	身材极小的人；指小词；爱称	diminutive of casă
înconjurător	周围的	surrounding
flacon	瓶子；酒瓶	small bottle
ideologie	思想体系；意识形态；观念学	ideology
exactitate	精确；正确	accuracy
înstrăinare	疏远；离间；转让	alienation, estrangement
rezidență	住宅；居留；驻扎	residence, abode
oțel	钢；钢制品；钢铁	steel
deductibil	可扣除的	deductible, tax deductible, deducible
chemare	呼叫；访问；打电话	call, calling, invocation, provocation
dușman	敌人；仇敌；敌军	enemy
alătura	参加；结合；加入	to join, to annex
marketing	行销；买卖	marketing
oricât	多；甚；几乎	however much
cert	确定的；某一个的；必然的	certain, sure, doubtless
observator	天文台；气象台；了望台	observatory
verb	动词	verb
moș	老头；爷爷	old man, grandfather
sincer	诚实的；正直的；真挚的	sincere
iubit	热爱	loved
controlat	受约束的；克制的	controlled
fotbal	足球；橄榄球	football
înlocuitor	代理；代理人；代用品	substitute
mintal	心智的；精神病的；心理的	mental
debutant	初学者	beginner
grâu	小麦	wheat, grain, cereal, corn
prezidențial	总统制的；总统的；首长的	presidential
academic	学院的；学术的；不切实际的	academic
tipărire	印刷；印刷术；印花	printing
ligă	同盟；联盟；盟约	league
aresta	拘捕；抑制；吸引	to arrest
sacru	神圣的；献给上帝的；庄严的	sacred
nebun	发狂的；狂热的	crazy, insane
infinit	不停的；无穷尽的；无尽的	endless, ceaseless, unending
vătămat	受伤的；受损害的；被触怒的	injured
centralizat	集中的；中央集权的	centralized
prestat	提供；供应；规定	provide, supply
minune	奇迹；惊奇；惊愕	wonder, marvel, miracle
antreprenor	企业家；主办人	entrepreneur
informativ	提供消息的；见闻广博的	informative
disc	圆盘；磁盘	disk, disc, disk, discus
programare	约会；委任的职位；委派	appointment, programming
plic	信封；封套；封袋	envelope
înștiințare	注意；布告；通知	notice
percepție	知觉；感觉；领悟力	perception
balanță	平衡；差额	balance, scales
maistru	主人；硕士；大师	master, foreman
patrie	祖国	fatherland, motherland, homeland, birthplace, native country
spălare	洗；洗涤；冲洗	wash
depistare	丘陵；软毛；开阔的高地	tracking down
veșnic	永恒的；永远的；不灭的	eternal, everlasting, undying
grăbi	急派；催促	to hurry, be in a rush, make haste, to hasten, bring someone to a hurr…
induce	引诱；招致；归纳出	to induce, incite, cause or push to do something, to induce
planetă	行星；命运星辰；杰出的人	planet
litru	公升	liter, litre
secvență	序列；续发事件；顺序	sequence
cadastral	(记载地产产权；价值等供征税用的)土地清册的	cadastral
complicație	复杂化；复杂情况	complication
scor	得分；抓痕；二十个	score
insista	坚持；坚决主张；强调	to insist
subțire	薄的；细的；瘦的	thin, slender, slim, sleazy
autoare	奥特尔（姓氏）	female equivalent of autor
gară	终端机；终点；末端	terminal, station, railway station
plasmatic	血浆的	plasmatic
amenința	恐吓；威胁；预示...的凶兆	to threaten
gabriela	加布里埃尔	Gabriel
separare	分离；分居；缺口	separation
subunitate	分部件；区队；组件	sub-unit
telefonic	电话的；用电话传送的	telephonic
miercuri	星期三	Wednesday
potrivi	安排；排列；达成协议	to arrange, to adjust, to set
valorifica	以大写字母写；使资本化；估计...的价值	to capitalize
recoltare	收获；成果；收获物	harvest
reda	赎回；挽回；恢复	to redeem, restore, return, give back
fund	底部	bottom, backside, chopping board
mister	秘密；神秘；奥秘	mystery
șantier	建筑工地	building site
chinez	中国的；中国话的	Chinese
nerezident	非居民	non-resident
surveni	发生；被想到；存在	to occur
psiholog	心理学家	psychologist
vodă	大公	voivode
nas	鼻子；突出部分；嗅觉	nose
silvicultură	林学；森林地	forestry
îmbunătăți	改良；提高...的价值；改善	to improve, to improve oneself
rezista	抵抗；耐得住；抵制	to resist
maică	母亲；修女院长	mother, nun, Mother
subsemnat	下面签过名的	undersigned
exploata	开发；利用；开拓	to exploit
gros	厚的；粗壮的；浓的	thick
coroană	王冠；王权；顶点	crown, coronal, wreath, garland, corona
sindical	市政官的；理事的；工团主义的	syndical
preocupa	使烦恼；使焦虑；使苦恼	to occupy oneself, to worry
cuplu	对；夫妇；数个	couple, torque
fabrica	制造；建造；装配	to fabricate, invent, to fabricate, manufacture, produce
bunică	祖母；女祖先	grandmother
săruta	吻	to kiss, to salute
subprogram	子程序	subprogram
diametru	直径	diameter
cesiune	割让；转让	cession
experimental	经验的；根据经验的；经验上的	experiential
finanțat	提供经费、筹资；提供资金	financed
cereală	谷类食品；谷类植物	cereal
cartof	马铃薯	potato
corectitudine	正确性	correctness
radioactiv	放射性的；有放射能的	radioactive
deosebi	分辨	to tell apart, to discern, pick out, to differ
proveniență	起源；出处	provenance
reieși	浮现；形成；出现	to emerge, follow, result, be apparent as a conclusion, to exit again…
importa	输入；引入；进口	to import
tentativă	尝试；企图	attempt
cazan	大锅	cauldron, boiler
audiere	听；听觉；听讯	hearing
limpede	清楚的；明确的；澄清的	clear, transparent, limpid, serene, without clouds, obvious, crystal…
adopție	采用；采纳；收养	adoption
defalca	零件；部件	to divide in multiple parts
cultiva	培养；耕作	to cultivate
mușchi	肌肉；臂力	muscle
neutilizat	未使用的	unused
borderou	<法> n.(尤指详细列举文件的)备忘录；照会	bordereau
costum	套装；诉讼；请求	suit, outfit, costume
genunchi	膝；膝盖	knee
câștigător	胜利者；优胜者	winner
seminar	研究班；专题讨论会	seminar
regină	王后；女王	queen
doveditor	证据的；可作证据的；提供证据的	evidential
revoluționar	革命者；革命党人	revolutionary
fum	烟；雾气；烟熏剂	smoke
șofer	驾驶员；驱动器；驱动程序	driver, chauffeur
marcare	印记；印；分	marking
particularitate	特殊性；特质；个性	particularity
procedural	程序上的	procedural
sufletesc	精神上的；神圣的；崇高的	spiritual
învățătură	学问；学识；学习	learning, studies, lesson, teaching, instruction
dezastru	灾祸；不幸；彻底失败	disaster
favoriza	赐予；支持；喜欢	to favor
pic	滴；微量；落下	a drop
transpune	调换；颠倒顺序；移项	to transpose
mări	扩大；增大	to enlarge, make bigger, greater
video	图像的；电视的	video
ordona	北达科地	to give an order or command
sprijinire	支持；支撑；援助	support
ideologic	意识形态的；空想的	ideological
evolua	进展；进化；展开	to evolve
înlăturare	除去；消除；消灭	elimination
nisip	沙；沙子；沙滩	sand
marți	星期二	Tuesday
vărsa	使溢出；使散落；洒	to spill, to vomit
dur	坚硬的；硬的；难的	hard, tough, rough, harsh, severe
punte	人行桥	footbridge, small or narrow bridge, deck
cuceri	克服；征服；战胜	to conquer
axă	轴	axis
casetă	盒子；箱；方框	box, cassette
vreunul	一；任何人	one, someone, anyone
cărbune	煤；木炭	coal, charcoal, anthrax
trăire	摸；触觉；知觉	feeling
deodată	突然；意外；忽然	suddenly, at the same time, at once, simultaneously
respirație	呼吸；气息；瞬间	breath, breathing
râs	笑；笑声	laughter, laugh
bineînțeles	确定地	certainly
suspiciune	怀疑；觉察；嫌疑	suspicion
modă	流行；风尚；时样	fashion
amplu	广阔的；宽敞的；宽大的	roomy
reclamă	晋级；创建；增进	promotion, marketing, commercial, ad
oricine	任何人	anyone, anybody
dispariție	看不见；失踪；消失	disappearance
bar	条；棒；酒吧	bar
stimula	刺激；激励；鼓舞	to stimulate, to encourage
sfârși	结束；终结；终止	to end, to be through with, to arrive at the end
opus	相对的；相反的；对面的	opposite, contrary, reverse
otoman	奥斯曼的	Ottoman
drac	魔鬼	devil
gamă	排；行；山脉	range
minimal	最小的；极微的；最小限度的	minimal
majoritar	多数；大半	majority
viorel	维奥雷尔	Viorel
icoană	画像；肖像；偶像	icon
răspunzător	有责任的；负责的；责任重大的	responsible
experiment	实验；试验；实验仪器	experiment
taxi	出租车	taxi
traversa	交叉；横过；越过	to cross
polonez	波兰的	Polish
amâna	耽搁；延迟	to delay, postpone, put off, to adjourn, suspend
doctrină	教条；学说	doctrine
comparație	比较；对照；比喻	comparison
diversitate	差异；多样性	diversity
cazier	记录；履历；档案	criminal record
ocrotire	保护；防卫；贸易保护制度	protection, sheltering
consacra	把...供祭祀用；奉献；使神圣	to consecrate, to dedicate oneself
dicționar	字典；词典	dictionary
nevoi	需要；命令；要求	to leave no choice, to require, to force, to necessitate, to take pain…
afectat	假装的；做作的；受影响的	affected
luminos	发光的；明亮的	luminous, bright, glowing, radiant
rezidual	残渣的；剩余的	residual
spori	前进；进展；提高	to advance, make progress/headway, to accumulate, multiply, increase
cofinanțare	联合融资	cofinancing
întărire	加强	strengthening
carbon	碳；副本；复写纸	carbon
neguvernamental	非政府的	non-governmental
ieri	昨天	yesterday
sigiliu	印；图章	signet, seal, sigil
jurisdicție	司法权；审判权；管辖权	jurisdiction
toxic	有毒的；中毒的	toxic
mental	心智的；精神病的；心理的	mental
invaliditate	无效；无价值；病弱	invalidity
medicinal	药用的；药的；有益的	medicinal
ascuns	隐藏的	hidden
mariana	玛丽安娜	Mariana
divizie	分；分开；除法	division
imaginar	想像的；虚构的；假想的	imaginary
spaniol	西班牙的	Spanish
japonez	日本的；日语的	Japanese
culpă	罪行；内疚	guilt, fault
violent	暴力的；猛烈的；激烈的	violent
azil	庇护；收容所	asylum
decurs	课程；路线；过程	a sequence of events, a course
interzis	被禁止的；严禁的	forbidden
iarăși	再一次；又；到原处	again, once more
referendum	（就重大政治或社会问题进行的）全民公决；全民投票	referendum
terminal	终点的；定期的；致死的	terminal
sechestru	扣押	distraint
pauză	暂停；中止；停顿	pause, break, stop
plumb	铅；铅条；领导	lead
furaj	饲料；草料；素材	fodder
seringă	注射器；洗涤器	syringe
expedia	邮寄；给...穿盔甲	to mail, send by mail
zbura	飞；飞翔；飘扬	to fly
vascular	血管的；维管的	vascular
unghi	角；角度；角落	angle
șerban	谢尔班	Șerban
nul	无效力的；无效的；无价值的	null, insignificant, worthless, incompetent, null, zero
colonel	陆军上校；长官	colonel
zeci	十；十个	ten
afiliat	有关连的；附属的	affiliated
botoșani	名字；名称；姓名	a surname transferred from the place name
desprinde	使分离；分遣	to detach, unfasten, undo, unbind, tear off
domicilia	(使)定居	to domicile
domnie	为王；为君；当政	reign, rule, princely dignity
frig	感冒；寒冷	cold, frigidity, fever, chill
greși	犯错；做错；犯罪	to err, to do wrong, to mistake, to transgress, trespass, to be at fau…
obraz	面容；面部表情；支持	countenance, cheek, buttock
cec	盲肠	caecum
hotar	界限；边界；限度	limit, border
tinde	伸展；张开；曲解	to stretch, extend, to aspire to, strive for, to tend to, incline towa…
echitabil	公平的；按规则进行的；不好不坏的	fair
ritual	仪式；典礼；宗教仪式	ritual
constatator	认定的	ascertaining
cinematografic	电影制片术的	cinematographic
rezumat	摘要；概要	summary
precizie	精密；精确；精确度	precision, exactitude
imaginație	想像；听觉；想像力	imagination
necorespunzător	不合适的；错误的；不成体统的	improper
japonia	日本	Japan
curriculum	简历	curriculum vitae
procesual	经加工的；有特殊光效的	of or pertaining to the legal process
menit	故意的；有计划的；特意的	designed
iluzie	幻影；错觉；幻想	illusion
replică	复制品	replica, aftershock, line
matematică	数学	mathematics
flacără	火焰；火舌；热情	flame
elen	希腊人	Hellene, Greek
însușire	品质；特性；才能	quality, trait, attribute, characteristic, feature, property, appropri…
virtute	德行；美德；优点	virtue, virtuousness, quality, bravery
cooperatist	合作社的	cooperativist
dominant	占优势的；支配的	dominant
pilot	飞行员；领航员；航船者	pilot
terestru	地球的；陆生的；陆地的	terrestrial
câmpie	平原；草原；朴实无华的东西	plain
convorbire	会话；说话；交谈	conversation, talk
abandona	放弃；抛弃；遗弃	to abandon, to renounce
salon	客厅；起居室	living room, salon
variabil	可变的；不定的；易变的	variable
corecta	改正；订正	to correct, rectify
matern	母亲的；母系的；母方的	maternal, motherly
neconstituțional	违反宪法的；不符合宪法的	unconstitutional
redevență	费用；小费；封地	royalty fee
ignora	不理睬；忽视；驳回	to ignore
satisfăcător	满意的；赎罪的	satisfactory
delimitare	定界限；划界；限界	delimitation
virgil	维尔吉尔	Virgil
turneu	旅游；观光旅行；任期	tour
îmbrăcăminte	衣服	clothing
izolare	隔绝；孤立；隔离	isolation
turcia	伊斯兰教；伊斯兰教教徒	to Turkify, to become a Muslim
investi	投资；花费；笼罩	to invest
buzunar	口袋；钱袋；钱	pocket
papă	罗马教皇；主教	pope
răspândi	散布；散播；消散	to scatter, strew, spread, to radiate, disperse, propagate, diffuse, t…
străbate	穿透；刺穿；渗透	to pass through go through or over, penetrate, traverse, to roam all o…
zero	零；零点；零度	zero
dedica	献出；贡献	to dedicate, to dedicate something to somebody
televizor	电视机	a television set
ilustra	举例说明；作图解；阐明	to illustrate
cimitir	墓地；公墓	cemetery
armonie	协调；和睦；调和	harmony
treimi	三个一组；三件一组；三和音	a triad, group of three, a third, a trinity
sondaj	测深；水深测量；探空	sounding
șold	臀部；蔷薇果；忧郁	hip
nomenclator	命名者；词汇手册	nomenclator
hunedoara	胡内多阿拉	Hunedoara
propoziție	句子；命题；宣判	sentence
nuntă	婚礼；结婚；结婚周年纪念日	wedding
pompă	抽水机；打气筒；泵	pump, pomp, showiness
înălța	升起；举起；唤起	to raise, hoist, to fly
aventură	冒险；冒险经历	adventure
provocare	激怒；刺激；挑拨	provocation, challenge, dare
elită	精华；精锐；中坚分子	elite
explicativ	说明的；解释的；辩明的	explanatory
comisar	委员；理事；行政长官	commissioner
veste	新闻；消息；报导	news, tidings
cumula	堆积；累积	to cumulate
ocazional	偶然的；临时的	occasional
absorbție	吸收；专心；全神贯注	absorption
ambasador	大使	ambassador
democrat	民主人士；民主主义者；民主党党员	democrat
vaccinare	接种疫苗；种痘	vaccination
injectare	注射；注射剂	injection
excesiv	过度的；过多的；极端的	excessive
vită	动物	animal, cow, ox, beast, brute, beef
lampă	灯	lamp, light
boc	声音；语音；吵闹	sound of a hammer
confiscare	没收；充公	confiscation
însoțitor	同伴	companion
întâmpina	遇见；引见；认识	to meet, to greet, to find
armat	有扶手的；武装的；有防卫器官的	armed, furnished with weapons
grație	优雅；风度；慈悲	grace
instructor	教员；讲师	instructor
supraviețuire	生存；残存；幸存者	survival
latură	旁边；侧；方面	side, aspect
montare	接缝；连接；连接物	joining, combination
creangă	树枝；支店；支流	branch
naționalitate	国籍；国家；民族性	nationality
deteriorare	恶化；衰退；退化	deterioration
phare	法尔计划（欧盟援助）	PHARE (EU programme)
admis	公认的	acknowledged, admitted
durea	伤害；(使)伤心；危害	to hurt, ache
xiii	十二（罗马数字）	XII
costa	花费	to cost
nobil	高贵的；高尚的；贵族的	noble
uniformă	制服	uniform
mobilizare	动员；调动；活动法	mobilization
unealtă	工具；机床；傀儡	tool, instrument
doină	歌曲；歌集	a class of Romanian folk songs, often melancholic and expres…
sonor	宏亮的；响亮的；作响的	sonorous
templu	圣堂；庙宇；教堂	temple
vlad	弗拉德	Vlad
constantinescu	姓；别号；绰号	a surname, Emil Constantinescu, third president of Romania
buzău	唇；口缘；唇状构造	lip, edge of scar, labia
umbla	绕…而走	to walk around, wander, scour, to travel, journey, to pace
notare	公证人	notary
etichetare	贴标签	labeling
corecție	订正；改正；改正的地方	correction
îndeosebi	尤其；特别；格外	especially
încărcătură	负荷；担子；重担	load, charge
priva	剥夺；使丧失	to deprive
redactare	用词；措词	wording, writing
alfa	希腊字母表的第一个字母；最初；开端	alpha
nefavorabil	不宜的；不顺利的；反对的	unfavorable
reuni	(使)再联合	to reunite
preceda	在...之前；优于；较...优先	to precede
top	令；大量	ream, cotton pack
precoce	早熟的；像大人的	precocious
hemoglobină	血色素	hemoglobin
unilateral	单方面的；单边的；片面的	unilateral, Binding or affecting one party only.
pânză	布料；织品；布	cloth, sail, canvas
relevanță	中肯；关联；相关性	relevance
particulă	颗粒；粒子；质点	particle
combina	(使)联合；(使)结合	to combine, to hook up, get together
neașteptat	料想不到的；突然的；意外的	unexpected
vecinătate	附近；邻近	neighborhood, vicinity, proximity
vâlcea	小谷；溪谷	small or narrow valley, dale, or dell
inventariere	详细目录；存货清单	inventory
bon	证人；保证人；证明者	voucher, ticket, coupon
lemnos	木制的；呆笨的；木然的	wooden, woody, ligneous, woodlike
alega	他们；她们；它们	to latch on to someone, follow them around or bother them
panou	嵌板；仪表板；专题讨论小组	panel
atașat	附上；使依附；使附属	attaché
actualizat	更新的	updated
turist	观光客；旅行者	tourist
conforma	使一致；使遵守；使符合	to conform
autostradă	公路；大道；捷径	highway
suspensiv	未决定的；可疑的；暧昧的	suspensive
baltă	小池；水坑；胶土	puddle, pond, pool
radiere	消去；消除；消灭	expunction
sili	强迫；强夺；推动	to force someone, to try one's best
jurământ	誓约；誓言；咒骂	oath, vow
melodie	曲子；美妙音乐；曲调	melody, song
grădiniță	幼稚园	kindergarten
îndemna	激励；鼓动；提示	to prompt, spur, urge
bunic	祖父；始祖	grandfather, grandparents
achiziționat	购买；赢得；努力取得	to purchase
biblic	圣经的；依据圣经的	scriptural
miez	核心；果心；要点	core, heart, core or pulp of fruit
premieră	初次的演出	premiere
pitești	藏；隐瞒；遮避	to hide
finit	结束的	ended, terminated
antic	古代的；古老的；年老的	ancient
ambalare	用于包裹的材料	wrapping, packaging
dinamic	动态的；有活力的；有力的	dynamic
acoperiș	屋顶；室顶	roof
inflație	胀大；夸张；通货膨胀	inflation
horia	跳舞	to dance
protest	抗议；反对；抗议书	protest
stăpâni	征服；控制；精通	to master, to dominate, subdue, rule over, to restrain, calm down
alee	全部	allée
minciună	谎言；假象；位置	lie
culege	收集；聚集；集中	to collect, gather
ceai	矮树丛	tea bush
orar	每小时的；以小时计的；频繁的	hourly
sr	先生	Mr.
împărțire	分；分开；除法	division
liric	抒情诗调的；有抒情味的；感情丰富的	lyrical
îndreptăți	有资格的；给与名称的	to be entitled
moale	软的；温和的；柔和的	soft, weak
elisabeta	希伯来人；希伯来语；犹太人	a female given name from Hebrew
orășenesc	都市的；住在都市的；习惯于都市的	urban
simona	西莫娜	Simona
debuta	初次登台	to debut
repara	修理；修补；补救	to repair, fix
bihor	比霍尔	Bihor
ratificare	批准；承认；认可	ratification
legitimație	身份证	ID card, legitimation
van	无价值的；徒然的；空虚的	vain, futile, idle
transparent	透明的；显然的；清晰的	transparent
abrogare	废止；撤消	repeal
petrecere	宴会；党；政党	party, amusement
arc	弓；眼睛框	bow, arch
pricepe	理解；了解；领会	to understand, to be good
geană	睫毛	eyelash, eyelid
dac	大夏的	Dacian
reînnoire	更新；革新；复兴	renewal
dăunător	有害的；伤害的	harmful, detrimental, injurious, damaging
cedare	割让；转让	cession
degradare	降格；堕落；退化	degradation
proteză	弥补；添字首音	prosthesis
filozofie	哲学；人生观；哲学思想	philosophy
patologie	病理学；病理；病状	pathology
demisie	辞职；辞呈；听从	resignation
transmisibil	能递送的；可传递的；可传达的	transmissible
antrenor	训练员；驯马师	trainer
ramură	树枝；支店；支流	branch, bough
prietenă	朋友；支持者；赞助者	friend, girlfriend
feri	击退；保护；供养	to guard from, fend, to duck, dodge, avoid, to recoil, shirk
prelucra	加工；使...接受处理；对...处置	to process
revenire	回来；返回；来回票	return
container	容器；集装箱	shipping container
varietate	多样；种类；变种	variety, manifold
plimba	走路；步行；处世	to walk, stroll, wander, mosey, to go for a walk, to walk, to take for…
pavilion	楼阁；亭子；大帐篷	pavilion, gazebo
gheață	冰；冰淇淋；糖衣	ice
belgia	比利时	Belgium
înmâna	在手头	to hand, hand over
muscular	强壮的；肌肉发达的；有力的	muscular
spectator	观众；目击者；旁观者	spectator
emoțional	情绪的；情感的	emotional
canada	加拿大	Canada
stăpânire	控制；管理；克制	control, domination, authority, rule, command, authority, do…
măr	苹果；家伙	apple
cuza	库扎	Cuza
analizare	分析	analysis
masculin	男性的	masculine
tipar	打印；版；印刷物	print, printing, type, imprint
sărăcie	贫穷；贫困；缺乏	poverty, worthless thing
managerial	管理的	managerial
selectare	选择；选文；精选品	selection
extrem	极端的；尽头的；极度的	extreme
creditare	出借；出借物	lending
cognitiv	认知的；认识的	cognitive
meteorologic	气象的；气象学的	meteorological
grilă	格子；铁格子；格子窗	grille, multiple-choice exam
fetiță	身材极小的人；指小词；爱称	diminutive of fată
periferic	周边的；周围的；圆周的	peripheral
adăpost	庇护所；避难所；庇护	shelter, a sheltered place
ivi	突然；意外；忽然	to appear suddenly
maramureș	马拉穆列什	Maramureș
pătrat	二次的	quadratic
considerabil	相当的；可观的；重要的	considerable
surpriză	惊奇；奇袭；诧异	surprise
citire	阅读；知识；读物	reading
vaslui	瓦斯卢伊	Vaslui
beton	凝结物；混凝土	concrete
adâncime	深度；深处；深奥	depth, profoundness, deepness
filă	页；记录；事件	page, leaf
blând	温和的；温柔的；淡味的	mild, tame, gentle, harmless, kind
chestionar	调查表；问卷	questionnaire
sit	遗址；场所	site
diferenția	区别；区分	to differentiate
stipula	规定；保证	to stipulate
considerație	考虑；原因	consideration
fracțiune	小部分；破片；分数	fraction
calm	镇静；沉着	composure
adversar	敌手；对手	adversary, opponent
satisfacție	满足；满意；快事	satisfaction
psihiatrie	精神病学；精神病治疗	psychiatry
lat	宽的；广阔的；普遍的	wide, broad
aranjament	排列；整齐；安排	arrangement
casnic	家庭的；国内的；驯养的	domestic, homely, domesticated
candida	鸫；鹅口疮；蹄叉腐烂	thrush
expus	暴露的；无掩蔽的；易受攻击的	exposed
campionat	冠军身份；冠军称号；捍卫	championship
india	印度	India
evaluat	评估；估价	appraised
sociologie	社会学	sociology
stagiar	试用的；预备期的；见习的	probationary
argeș	阿尔杰什	Argeș
fraudă	欺骗；欺诈；诡计	fraud
editor	编者；编辑；主笔	editor
st	. 安静	expressing a sudden desire for silence
medalie	奖牌；勋章	medal
declanșare	因果关系；原因	triggering, causation
înțelepciune	智慧；明智行为；学识	wisdom, sapience, discernment, knowledge
arheologic	考古学的；考古学上的	archaeological
ecran	幕；银幕；屏风	screen
no	. 好啦	well, so
rambursa	付还；偿还借款	to refund
dramă	戏剧；戏剧艺术	drama
incomplet	部分地；一部分地；不公平地	partially
îngriji	喜欢；照顾；为...操心	to care for, tend to, look after, nurse
inhibitor	禁止者；抑制人；抑制物	inhibitor
remarcabil	不平常的；值得注意的；显著的	remarkable
împuternicire	力；体力；力量	power of attorney
refugiat	难民；流亡者	refugee
fixare	定置；固定；定色	fixation
fierbinte	热的；热心的；辣的	hot, scorching, ardent, fervent
culegere	收集；采集；(一批)收藏品	collection
vital	生命的；重要的；充满活力的	vital
tristețe	悲哀；悲伤	sadness
îndepărtat	远的；久远的；遥远的	far, far off, distant, distanced, remote, aloof
boier	波雅尔（贵族）	boyar
dumneata	你；你们	you
xviii	十八（罗马数字）	XVIII
extins	延续的；伸出的；竭尽全力的	extended
progresiv	前进的；累进的；进步的	progressive
celular	蜂窝式便携无线电话；大哥大	cellphone
porțiune	部分；一份；命运	portion
spațial	空间的；受空间条件限制的；占地位的	spatial
compara	比较；比喻；对照	to compare
întindere	范围；程度；区域	stretching, extent, stretch
demn	有尊严的；高尚的	dignified, worthy, respectable
reconstrucție	改造；再建	reconstruction
infecțios	有传染性的；易传染的	infectious
testa	测试；试验；化验	to test
calificativ	取得资格的人；限定语	qualifier
carburant	燃料；木炭	fuel
cauciuc	橡皮；橡胶；做摩擦动作的人	rubber, tyre
iluminat	照亮的	lit
inteligent	聪明的；智能的；了解的	intelligent
sebastian	姓；别号；绰号	a surname
deosebire	不同；差异	difference
lent	慢的；缓慢的；迟缓的	slow
dinamică	动力学	dynamics
eliade	希腊人；希腊语	a surname from Greek
enorm	巨大的；庞大的	enormous
confruntare	对抗；对质；面对	confrontation
supăra	弄翻；颠覆；推翻	to upset, to irritate, annoy, to make sad
edita	编辑；编校；修订	to edit
tipic	典型的；象征性的	typical
mandatar	代表；众议员；典型	representative
barou	条；棒；酒吧	bar
oarecum	不知何故	somehow
localizare	局限；地方化	localization
compatibil	能共处的；可并立的；适合的	compatible
romantic	浪漫的；风流的；传奇性的	romantic
însărcina	委托；信托	to commission with, charge with, entrust with, to make pregnant
restrângere	限制；限定；约束	restriction
corespondent	通讯记者；通信者	correspondent
with	和…一起	with
prepara	准备；筹备；使在思想上有准备	to prepare, to cook
bagaj	行李；皮箱	luggage
tăiere	切口；割伤；降低	cut
caror	他们的	whose (no-diacritics)
autobuz	公共汽车	bus
răscumpărare	赎回；赎身；偿还	redemption
omenire	人性；人类；博爱	humanity, mankind
febră	发烧；发热；热病	fever
brad	枞树；杉木	fir, Abies alba., pine tree., pine wood.
promisiune	诺言；约定的事情；有指望	promise
vacă	母牛；母兽	cow, beef, a fat, lazy, and/or stupid woman
filosof	哲学家；哲人；思想开创人	philosopher
galerie	走廊；最高楼座；画廊	gallery
antologie	选集；诗选	anthology
însoțire	公司；友伴；交往	company
compensa	偿还；补偿；付报酬	to compensate, counterbalance, to make amends for, to make up for
locatar	承租人；房客；居住者	tenant
gras	肥的；胖的；油腻的	fat
zori	黎明	daybreak, dawn
subordona	使居下位；使服从	to subordinate
tutore	看守者；监护人；保护人	guardian
înfățișa	描述；描写	to depict, represent, show, describe, to present
narativ	叙述的；叙事的；故事体的	narrative
abilita	提供周转资金；给...穿着；使...具有能力	to habilitate
redacție	编辑的职位；编辑工作	editorship
strugur	葡萄；葡萄树	grape, bunch, cluster
elementar	初步的；基本的	elementary, basic
sac	麻布袋；洗劫	sack, bag
coopera	合作；协力；配合	to cooperate
publicitar	广告的	advertising
prahova	普拉霍瓦	Prahova
tovarăș	同志；伙伴	comrade, friend
expediție	远征；探险队；迅速	expedition
rotund	圆的；球形的；丰满的	round
cauțiune	保释；拎环；杓	bail, bail bond, bailment
leș	尸体	corpse
șoc	震动；冲突；震惊	shock, choke
incompatibil	不相容的；不能并存的；矛盾的	incompatible
nato	北约	NATO
deseori	时常；常常	often
soldă	薪资；付款；补偿	pay
der	（德语冠词）	der
cândva	改天；来日	sometime
inutil	无用的；无效的；无益的	useless, vain, unavailing
vertical	垂直的；直立的	vertical
injectabil	可注射的	injectable
guverna	统治；支配；管理	to govern
îndepărtare	把…远远甩在后面	distancing
cupă	高脚杯；酒杯	goblet, bowl, dish, tumbler, cup
chestie	事物；东西；物	thing, thingy, business, affair, matter, concern, issue, question
montan	多山的；如山的；巨大的	of the mountains, mountainous
exces	过度；剩于；超过	excess
bulgar	保加利亚人；保加利亚语	Bulgarian
călca	踏；以步测量；跨步	to step, tread, to step on, trample on, to run over
divorț	离婚	divorce
stemă	外套	coat of arms, corona
baraj	水坝；障碍	dam, barrage
antenă	天线；触须；触角	antenna
moderat	适度的；稳健的；中等的	moderate
resort	部门；职权	portfolio, remit
pustiu	被遗弃的；废弃的	deserted, bare, desolate
barieră	障碍；栅栏	barrier, fence
calciu	钙	calcium
atribut	属性；标志；定语	attribute
seră	温室	greenhouse
lipi	插进；刺入；钉住	to stick, glue, to stick, adhere
vegetație	植物	vegetation, flora of a given area, greenery
preșcolar	就学前的	preschool
plajă	海滩	beach
poluant	污染物质	pollutant
patologic	病理学的；由疾病引起的；(非正式)不合理的	pathologic
mira	惊奇；想知道	to wonder, to be astounded, amazed, surprised, to astound, amaze
centraliza	集聚；集中；施行中央集权	to centralize
comanda	空白抬头	to order, command, lead, to order
revoltă	叛乱；反抗；反感	revolt
închipui	想像；设想；猜测	to imagine, envisage, fancy
fișier	档案；公文箱；文件夹	file
jandarm	宪兵；警官	gendarme, wife
uzină	植物；作物；工厂	plant
ascultare	服从；顺从；忠实	the act of listening, obedience
bănui	推想；假设；以为	to suppose, to presume, to guess, to suspect, to suspect someone
întâmpinare	祝贺；问候	greeting
îndruma	指导；支配；管理	to guide
teologie	神学	theology
dependență	入迷；瘾	addiction
timpuriu	早的；早熟的	early, premature, untimely, early-ripening
acumula	积聚；堆积	to accumulate
prestigiu	声望；威望；威信	prestige
petrescu	姓；别号；绰号	a patrilineal surname
consumabil	可消耗的	consumable
plasă	网；网状物；罗网	net, mesh, wire netting, bag or other object made of such material
excelent	优良的；杰出的；出色的	excellent
deopotrivă	两者都	both
expira	呼气；发出；散发	to exhale, to expire
guvernator	(美)州长；(英)总督；统治者	governor
broker	掮客；经纪人	broker
bovină	牛的；似牛的；迟钝的	bovine
mobilier	家具；帆具	furniture
prognoză	预测；预后	prognosis, forecast
interna	作实习医师(教师、实习生)	to intern, to imprison
nevastă	新娘	bride, wife
neimpozabil	免税的	nontaxable
excedent	剩余；过剩；盈余	surplus
cadou	现在；礼品；瞄准	present, gift
executat	执行（法令）；（按计划或设计）作成；履行	executed
cas	国家社会保险局（缩写）	CAS (social insurance)
singurătate	孤独；单独；孤寂	solitude, isolation
spontan	自然的；自发的；未经琢磨的	spontaneous
bloca	阻塞；封锁；使成块状	to block
îndelungat	长时间的；历久的；长期载荷	long-time
intim	亲密的；私人的；秘密的	intimate
injecție	注射；注射剂	injection
cancelarie	大臣	chancellery, staffroom, teachers' lounge
sanguin	血腥的；嗜杀的；有血的	of blood, bloody, blood-coloured
obstacol	障碍；妨害物；阻碍	obstacle
software	软件	software
alba	白色的	white
supraviețui	比...活得长；生存；生还	to survive, to endure, to last
cotizație	捐献；订金；订阅	subscription
vărsământ	付款；支付的款项(或实物)；偿还	payment
speria	惊吓；使恐慌	to scare, to frighten, to get scared, have a scare
rezervor	贮水池；贮藏处；贮备	reservoir
rămânere	留下	remaining
exploziv	炸药；爆破音	explosive
tron	王座；君主	throne, toilet
furtună	暴风雨；骚动；风波	storm, tempest, squall, revolt, bad luck, mishap, trouble, affliction…
apărător	防卫者；防护者；辩护者	defender
senin	清楚的；明确的；澄清的	clear, cloudless, serene, calm, tranquil
statuie	雕像	statue
moașă	助产士；接生婆	midwife, old woman
parafă	签名末尾的花笔；花押	paraph
armonizare	调和化；融洽；一致	harmonization
dintâi	第一	first
respiratoriu	呼吸的	respiratory
acvatic	水生的；水中的；水上的	aquatic
marină	海军；海军人员；海军军力	navy
pom	果树	fruit tree, Tree
vladimir	弗拉基米尔	Vladimir
jean	让	Jean
etern	永恒的；永远的；不灭的	eternal, perpetual
risca	冒...的危险；冒险干	to risk, to risk, jeopardise something of one’s own, to risk oneself…
dureros	痛苦的；困难的；令人烦恼的	painful
porumb	玉蜀黍；黄色	maize, corn, pigeon, dove
apt	有...倾向的；易于的；恰当的	apt
densitate	密度	density
competitiv	竞争的	competitive
toleranță	宽容；忍受；容忍	tolerance
valentin	锡；马口铁；罐头	a male given name from Latin
criminalitate	犯罪；有罪；犯罪行为	criminality
sponsorizare	发起；倡议；主办	sponsorship
ajusta	调整；使适应于；校准	to adjust
new	新	new
dispută	争论	dispute
șosea	交通工具；车辆	road for vehicles
minge	球；舞会；球状物	ball
întârzia	逗留；消磨；徘徊	to be late, to linger, stay too long, to delay, retard
sfântă	圣徒；圣人	female equivalent of sfânt: female saint
scump	贵的；奢华的；费用浩大的	expensive
pornire	诱因；动机；吸引力	the act of starting, inducement, motive, impulse, outburst, passion
geniu	天才；天赋；精神	genius, spirit, genie
exportator	出口商；输出者；出口公司	exporter
rană	创伤；伤口；伤疤	wound, lesion
călinescu	姓；别号；绰号	a surname
extracție	抽出；取出；拔出术	extraction
dânsul	他	he
georgescu	姓；别号；绰号	a surname
afectare	假装；做作；矫情	affectation
federal	联邦的；联合的；同盟的	federal
cinematografie	电影制片术	cinematography
cutremur	地震	earthquake
afectiv	情感的；表达感情的	affective
recensământ	户口普查	census
reglare	调整；调节；校正	adjustment
moșie	不动产；(人生的)阶段；阶层	estate, one's native country or land
vitamină	维生素	vitamin
multiplicare	乘法；增加；乘法运算	multiplication
vorbire	谈话；演说	speaking, speech
iubită	心爱的人	female equivalent of iubit: sweetheart, beloved, darling, de…
medicamentos	药用的；药的；有益的	medicinal
foame	饥饿；渴望；饥荒	hunger
relata	告诉；说；吩咐	to tell
mobilitate	可动性；流动性；机动性	mobility
lagăr	集中营	a military camp, a concentration camp
tur	旅游；观光旅行；任期	tour, round, saunter
avansat	在前的；高级的；先进的	advanced
xiv	十四（罗马数字）	XIV
depozita	存放；堆积	to deposit
osos	如骨的；多骨的；瘦骨嶙峋的	bony, gaunt, big-boned, osseous
jubiliar	周年纪念的	anniversary (adj.)
tragic	悲剧的；悲剧性的；不幸的	tragical
studio	工作室；画室；演播室	studio
cat	地板；楼层；底部	floor
evreiesc	犹太人的；犹太族的	Jewish, Hebrew
probabilitate	可能性；或然率；几率	probability
comporta	举止端正；行为规矩	to behave, to conduct, comport oneself, to involve, entail
legionar	军团的；军队的	legionary
susținător	支持者；后盾；迫随者	supporter
barem	至少	at least
consolida	巩固；使联合；统一	to consolidate
eur	欧元	EUR
strădui	尽力	to try one's best
daniela	丹尼尔	Daniel
suc	汁；活力；体液	juice, soda
eronat	错误的；不正确的	erroneous
ecou	回声；回音；回波	echo
fundamenta	使实体化；证实	to substantiate
sfert	四分之一；一刻钟；季度	quarter, fourth
delimita	定界限；划界	to delimit, to define, to mark off, to ascertain
sparge	打破；弄破；弄坏	to break, burst, shatter, snap, to break in, to hack
liniuță	身材极小的人；指小词；爱称	diminutive of linie
fermier	农夫；农场主	farmer
bisericesc	教会的；神职的；牧师的	ecclesiastical, churchly, churchical
oxigen	氧	oxygen
metaforă	隐喻	metaphor
creștinism	基督教；基督教精神	Christianity
apleca	变弯曲；屈服	to bend, bend down, incline, bow, bow down, stoop, lean, to tilt, incl…
magnetic	有磁性的；有吸引力的；催眠术的	magnetic
numar	数字（无变音拼写）	number (no-diacritics)
statutar	法令的；法定的；可依法惩处的	statutory
usl	自由主义者	Uniunea Social Liberală
creativitate	创造力；创造性	creativity
teologic	神学上的	theological
inj	注射（缩写）	injection (abbrev.)
confuzie	混乱；混淆；无秩序	confusion
înmulțire	乘法；增加；乘法运算	multiplication
recrutare	新兵征召	recruitment
specificat	详列；指定；说明	to specify
încuviințare	许可；允许	permission
ionel	姓；别号；绰号	a diminutive of the male given name Ion, a surname
see	自己；亲自	oneself, himself, herself, itself, themselves, each other, one another…
banat	巴纳特呢(印度制；全毛；宽幅)	banat
înșela	愚弄；欺骗；装饰	to trick, deceive, swindle, cheat, to saddle
răspândire	传播；散布；伸展	spread
plantație	种植园；大农场；植树造林	plantation
reacționa	起反应；起作用；反攻	to react
întâmplător	偶然的；不经意的；便装的	casual
medieval	中古的；中世纪的	medieval
elveția	瑞士	Switzerland
subsol	地下室；墙脚	basement
profita	利用	to take advantage, to profit
bogăție	财富；资源；财产	wealth, richness, abundance, ampleness
prizonier	囚犯；犯人；战俘	prisoner
na	你已经到了；你要的东西在这儿!	here you are! take it!
autentificare	证明可信；证实为真；使具法律效力	authentication, login
confort	舒适；安逸	cosiness
pană	羽毛	feather, wedge
probațiune	鉴定；查验；证明	probation
călugăr	修道士；僧侣；和尚	monk, friar
înfățișare	外观；方面；面貌	aspect, look, appearance, air, bearing, presentation
slavă	光荣；荣耀；荣誉	glory
rezistent	抵抗的；反抗的；耐...的	resistant
scut	盾；防卫物；保护者	shield
reactiv	试剂；反应物	reagent
cadavru	尸体	corpse, cadaver
desfacere	分解；腐败；变质	decomposition, sale
solvent	有偿付能力的；有溶解力的	solvent
absurd	荒谬的；不合理的；可笑的	absurd
inventa	发明；创作；虚构	to invent, to produce or get hold of something or someone on short not…
legalizat	合法的	legalized
concentrat	浓缩；精选	concentrate
propagandă	宣传；宣传活动	propaganda
menționare	提到；言及；陈述	mention
gravitate	地心引力；重力	gravity
solar	太阳的；日光的；源自太阳的	solar
abur	蒸汽；精力	steam, vapor, thin fog, a gentle breeze
înțelept	明智的；慎虑的；聪明的	wise, sage
evoca	唤起；引起；召(魂)	to evoke
ceremonie	典礼；仪式；礼节	ceremony
anca	名字；名称；姓名	a female given name
etc	等等	etc.
urât	憎恨；讨厌；不愿	hated, ugly
retrospectivă	回顾展	retrospective
gard	围墙；栅栏；买卖赃物的人	fence
revizui	温习；检讨；评论	to review
amenaja	安排；排列；达成协议	to arrange
rușine	羞耻；羞愧；耻辱	shame, disgrace, embarrassment, shyness
inginerie	工程学；工程；操纵	engineering
fugă	跑；赛跑；奔跑	run, escape, flight
tulcea	图尔恰	Tulcea
filtru	滤波器；过滤器；滤光器	filter, philtrum
liceal	讲演厅；学会	lyceum, high school
prelucrat	处理的；加工过的	processed
ingredient	成分；因素	ingredient
certitudine	确定；确实的事情	certainty
corela	使有相互关系	to correlate
crud	生的；未加工的；生疏的	raw, uncooked, unripe, brutal, cruel, barbarous
rezervație	保留；预定；保留品	reservation, reserve
subcutanat	皮下的；皮下用的	subcutaneous
zări	觉察到；遵守；注意到	to observe, to catch sight of, catch a glimpse of
ușurință	安乐；安逸；悠闲	ease of doing something, unconcern, disregard
modest	谦逊的；羞怯的；端庄的	modest
stârni	激怒；惹起；诱导	to provoke
olanda	荷兰	holland
orb	盲目的；瞎的；不加思考的	blind
adam	亚当	Adam
educare	教育；训练；教育学	education
confidențial	机密的；获他人信赖的；易于信任他人的	confidential
virare	转账	transfer
iacob	雅各（以色列人的祖先）；雅各布（男子名）	Jacob.
fitosanitar	植物检疫的；控制植物(尤指农作物)病害的	phytosanitary
releva	在...下面划线；作...的衬里；强调	to underline, to emphasize
inamic	敌人；仇敌；敌军	enemy, foe
ratifica	批准；认可	to ratify
procurare	取得；得到；获得	acquirement
pasaj	通道；通过；移居	passage
semnalizare	信号；标识	signaling
caen	经济活动分类代码（缩写）	CAEN (activity code)
ierarhie	等级制度；僧侣统治；等级体系	hierarchy
corelație	相互关系；相关；关联	correlation
compozitor	作曲家；作家；调停者	composer
admira	赞美；钦佩；爱慕	to admire
conversație	会话；说话；交谈	conversation, chat, discourse
car	二轮运货马车	cart, chariot, tank
agresiv	侵略的；挑畔的；进取的	aggressive
pro	赞成；专业	pro
explozie	爆发；激增；爆炸(声)	explosion
exil	放逐；流放；被放逐者	exile
confecționa	制造；安排；创造	to make
nuanță	细微差别	nuance, shade
uniform	统一的；一律的；始终如一的	uniform
tractor	牵引器；拖拉机；拉纸器	tractor
compensatoriu	赔偿的；补偿的；代偿的	compensatory
eșalonare	行程安排；时间表制定	scheduling
închiria	租用；租出	to rent
putință	可能性；可能的事	possibility, power
încorpora	吸收；合并；使组成公司	to incorporate
tramvai	电车轨道；煤车；纬纱	tram, streetcar
înmulți	繁殖；乘；增加	to become many, to multiply, to reproduce, to make many, multiply, inc…
principat	公国；封色；侯国	principality
pricină	原因；目标	cause
rusesc	俄国的；俄语的	Russian
curios	好奇的；求知的；古怪的	curious
fântână	井；泉水；源泉	well, spring, source
plasare	出盘；出售	placing
puritate	纯净；纯正；纯粹	purity
antrena	训练；教育；对准	to train, to train, to coach, to engage someone
solidar	团结一致的；休戚相关的	solidary
virtual	实际上起作用的；虚的；实质的	virtual
practicare	实践；练习；实行	practice
egipt	埃及	Egypt
rută	路径；途径；路线	route, course, way
del	（西语/葡语介词）	del
austriac	奥地利人	Austrian
semestru	学期	semester
turna	倒；灌；注	to pour, to shape, fashion, mould, to cast
strecura	使劳累；拉紧；过分使用	to strain, filter, to slip by or past, steal away
amintit	上述的；前述的	aforementioned, mentioned
inevitabil	不可避免的；必然的	inevitable
ispa	机构（缩写）	ISPA (agency)
isus	耶稣	Jesus
cuptor	烤箱；灶；子宫	oven, July
anton	姓；别号；绰号	a surname, a male given name, variant of Antoniu
by	由	by
online	在线	online
implicație	牵连；含义；暗示	implication
pomeni	记得；回忆起；记住	to remember, recall, to mention, to find oneself
minus	负号；不足	minus
agrement	娱乐；消遣；休息	recreation, agreement
treizeci	三十；三十个	thirty
imigrare	移民；移居	immigration
stâncă	悬崖；绝壁	cliff, rock
demult	很久以前	long time ago
filosofic	哲学的；冷静的；达观的	philosophical
agendă	隐秘的议程；幕后的动机；潜在议程表	planner notebook, hidden agenda
desface	解开；取消；破坏	to undo, to open, loosen, to untie, unfasten, unfurl
olimpic	奥林匹亚的；奥林匹斯山的；强有力的	Olympic
transmisie	传输；传送；变速器	transmission
magic	魔术的；有魔力的；不可思议的	magical
hrăni	喂；饲养；放牧	to feed, nourish, to nurse, suckle
fabricant	制造业者；厂商	manufacturer
treime	三个一组；三件一组；三和音	a triad, group of three, a third, a trinity
restrâns	有限制的；有限的；有限责任的	limited
subiectiv	主观的；个人的	subjective
promulga	发布；公布；发表	to promulgate, to enact
planifica	计划；设计；意欲	to plan
avertizare	警告；预告；预兆	warning
metabolic	变化的；变形的；新陈代谢的	metabolic
programa	规划；拟...计划	to program
suspensie	悬挂；暂停；中止	suspension
glucoză	葡萄糖	glucose
gunoi	垃圾；废物	garbage, trash, rubbish, litter, manure
anticipa	预期；占先；加速	to anticipate
proiecție	发射；计划；突出部分	projection
aspirație	热望；志向；渴望	aspiration
cor	唱诗班；唱诗班的席位	choir
altar	圣坛；祭坛	altar, communion table, chancel
intensiv	加强的；内涵的；集中的	intensive
creativ	有创造力的；创作的；产生的	creative
augustin	奥古斯丁教义(的)；奥古斯丁教团教士(的)	Augustinian
lăuda	称赞；赞美	to praise, laud, to praise, to boast, brag
buc	谷壳；糠；揶揄	chaff
adaos	加法；增加的人(或物)	addition, supplement
aparte	远远地；非常	in a special way
subdiviziune	细分；分部	subdivision
ardere	烧；燃烧	the process of burning
mângâia	宠爱；溺爱；抚摸	to pet, to caress, fondle, stroke, to soothe, ease someone’s pain
nucleu	核心；核子；原子核	nucleus, core, kernel
vizat	对准目标；致力；打算	to aim, to apply a visa
constructor	建造者；造船技师	constructor, builder
adormi	入睡；长眠；死	to fall asleep, to put to sleep, lull, to fall asleep in the Lord
izbucni	站立；出现；起来	to arise, to appear, to emerge, to spurt, oftentimes violent…
analist	编年史作者	annalist
cotizare	缴款	contribution
hipoglicemie	低血糖；血糖过少；低血糖症	hypoglycemia
schiță	素描；草图；小品	sketch
imputabil	可归于...的	attributable
ierusalim	耶路撒冷	Jerusalem
nepot	孙子；外孙	grandson, nephew, descendant
ciupercă	真菌；真菌类植物	fungus, mushroom
optic	眼睛的；视觉的；光学的	optic
imperial	帝王的；宗主国的；至尊的	imperial
problematică	成问题的；未定的；疑难的	problematic
alimenta	喂；饲养；放牧	to feed
ceh	捷克的；捷克语的；捷克人的	Czech
victoria	胜利；战胜；克服	victory
abonament	捐献；订金；订阅	subscription
înaintare	前进；进展；行过的路程	advance
țesătură	织物；布；结构	fabric, woven material, textile, cloth, texture, web
umanitate	人性；人类；博爱	humanity, humaneness, benevolence, humanity, mankind
vesel	高兴的；喜欢的；情愿的	glad, cheerful, joyful, happy
ax	轴；车轴	axle, axis
feroviară	女性；女人；雌性动物	female equivalent of feroviar
respira	呼吸；生存；低语	to breathe
ocol	绕路；迂回	detour, roundabout way, circuit, enclosure, pen
traducător	翻译者	translator
tematic	题目的；主题的；主旋律的	thematic
umed	湿的；潮的；搞错的	wet, damp, moist, humid, dank
privință	关心；注意；尊敬	regard
amar	苦的；痛苦的；怀恨的	bitter, rancid, bitter, rude
bară	条；棒；酒吧	bar
premisă	前提；房屋连地基；上述各项	premise
deocamdată	暂时	for the time being
cumulat	累积的	cumulative
adera	依附；粘着；坚持	to adhere, cling, to adhere, subscribe, to accede
mobilă	块；片；篇	piece of furniture
inspirație	灵感；鼓舞人心的人或物；妙计	inspiration, brainchild
exigibil	可要求的；可请求的	demandable
inel	环；环形物；拳击场	ring
har	优雅；风度；慈悲	grace
patra	第四；四分之一	fourth
răbdare	耐性；忍耐	patience, suffering, indulgence, leniency
stres	压力；紧迫；强调	stress
accidental	意外的；偶然的；非主要的	accidental
martin	鸟；羽毛球	bird of either the starling family, or of the kingfisher fam…
înghiți	咽；淹没；吞没	to swallow, gulp down, to breathe in, to stomach
cultivare	教化；培养；耕作	cultivation
luciu	卓越；光辉	brilliance, splendor, magnificence, glory
denunțare	谴责；告发	denunciation
decisiv	决定性的；坚定的；果断的	decisive
președinție	总统职权；总裁职位	presidency
umor	幽默；诙谐；心情	humor
ec	欧共体（缩写）	EC
epurare	净化；清除；泻药	purge
potasiu	钾	potassium
usca	把...弄干	to dry
facilitare	便利化	facilitation
percheziție	行动；行为；幕	act of searching for someone or something
izola	使隔离；使孤立；使绝缘	to isolate
ficat	肝脏；生活者；居民	liver
zonal	带的；带状的；形成地带的	zonal
îngrășământ	肥料；促进发展者；受精媒介物	fertilizer
brigadă	旅；队	brigade
adjudecare	授予；奖给；判给	awarding
montaj	与会者；集会；装配	assembly, set-up
apus	决心的；规定的；故意的	set, bygone, dead, vanished
impuls	冲动；驱使；刺激	impulse
răsărit	日出；黎明；拂晓	sunrise, east, Orient
reclamație	诉苦；抱怨；控诉	complaint
voievod	大公	voivode
picta	油漆；绘；画	to paint, to depict
cămașă	衬衫；内衣；汗衫	shirt
domnitor	统治者；管理者；尺	ruler, one who rules
albină	蜜蜂；聚会	bee
impresiona	使有印象；印；铭刻	to impress
scandal	丑闻；中伤；耻辱	scandal
glumă	笑话；玩笑；笑柄	joke, jest, prank
transfrontalier	多国的；跨国公司的	multinational, transborder
irigație	灌溉；冲洗	irrigation
cavaler	骑士；爵士	knight
vast	巨大的；广大的；非常的	vast
tanc	槽；箱；柜	tank
contrast	差别；对比；对照物	contrast
ilicit	不法的；不正当的；禁止的	illicit
dimitrie	姓；别号；绰号	a male given name, a surname
programă	摘要；提纲；课程表	syllabus
apendice	附录；附加物；阑尾	appendix
arteră	动脉；干道；要道	artery
narațiune	叙述；故事；叙述文	narration
întrunire	会议；会面	meeting
însumi	我自己；我亲自；我独自	myself
bunăstare	健康；幸福；福利	wellbeing, prosperity
mortalitate	必死的命运；死亡数目；死亡率	mortality
șopti	耳语；密谈；沙沙地响	to whisper
constrângere	强制；约束	constraint
generic	属类的；一般的	generic
stâlp	柱子；栋梁；台柱	pillar, pole, post
poprire	减除；扣除；减除额	deduction
scurgere	排水沟；消耗；排水	drain
continent	大陆；洲	continent
școlarizare	学校教育；学费	schooling
undă	波；波浪；波动	wave
susceptibil	易受影响的；易感动的；容许...的	susceptible
configurație	结构；表面配置；外形	configuration
rețetă	食谱；处方；秘诀	recipe, prescription
cutanat	皮肤上的；影响皮肤的	cutaneous
sur	灰色的；阴沉的	grey
potabil	可以喝的；饮用的	drinkable, potable
îndrăzni	敢；胆敢	to dare, venture
deprindere	技术；技巧；技能	skill
înspre	向；对于；为了	towards, to
îmbolnăvire	疾病；恶意	illness
domestic	家庭的；国内的；驯养的	domestic
făină	面粉；粉沫；碎粉	flour
washington	华盛顿	Washington
avertisment	警告；预告；预兆	warning, yellow card, booking, caution
clientelă	诉讼委托人；客户	clientele
indiciu	线索；暗示	clue
acceptabil	可接受的；合意的；可忍受的	acceptable
lup	狼；残忍贪婪之人；极度穷困	wolf
vinovăție	罪行；内疚	guilt
michael	迈克尔	Michael
exigibilitate	荷电率	chargeability
ambasadă	大使馆；大使馆全体人员	embassy
nedeterminat	不确定的	undetermined
rodica	名字；名称；姓名	a female given name
exigență	紧急；急迫；紧急事件	exigency, exigence
demonstrație	示范；实证	demonstration
reputație	名誉；名声；声望	reputation, fame, honor, name
baterie	电池；殴打	battery
autohton	土著的；土生土长的；本地的	autochthonous, indigenous
fonda	建立；创立；铸造	to found, to establish
firește	当然	of course
aditiv	添加物	additive
functionare	运行（无变音拼写）	operation (no-diacritics)
deranja	扰乱；使发狂	to derange, disarrange, to disturb, to bother
crin	百合；百合花	lily
lin	平坦的；相等的；连贯的	even, smooth, calm, quiet, mild, gentle, sweet
trandafir	玫瑰；蔷薇；玫瑰色	rose, rosebush
apăsa	压；压榨；紧抱	to press
scurge	排出；喝光；耗尽	to drain, exhaust, to flow, drip out, trickle, to strain, filter
reface	再做；重做；改装	to redo
contradicție	反驳；矛盾	contradiction
luxemburg	卢森堡公国；卢森堡（卢森堡公国首都）	Luxembourg, Luxembourg, Luxembourg City
partidă	比赛；火柴；对手	match, game, political party
comandament	戒律	commandment
prezida	使入座；使就任要职	to chair
furt	盗窃；失窃；盗窃罪	theft, robbery
culme	山峰；巅；山顶	peak, top, apex, summit, climax, culmination, height
nemijlocit	直接的；坦白的	direct
vag	含糊的；不清楚的；茫然的	vague
toxicitate	毒性	toxicity
constituționalitate	合宪法性	constitutionality
accelerat	加快的	accelerated
as	幺点；好手；少许	ace
chiriaș	承租人；房客；居住者	tenant
remorcă	追踪者；拖车	trailer
suveran	具有主权的；至高无上的；国王的	sovereign
ilfov	伊尔福夫	Ilfov
fidel	忠诚的；忠实的；忠贞的	loyal
miere	蜂蜜；甜蜜；爱人	honey
criminal	罪犯；犯人；刑事	criminal, felon, perpetrator, offender, lawbreaker, murderer, slayer…
noutate	项目；条款；一则	item of news, tidings, novelty, innovation, newness
înstrăina	使疏远；离间；转让	to alienate
pastă	面团；面食；浆糊	paste, dough, pulp
variat	不同的；各种的；多方面的	various, varied
liniști	平静下来；镇静	to calm, to calm oneself, to settle down
grosime	厚度；密度；愚钝	thickness, bulk, bulkiness, bigness
james	詹姆斯	James
coerent	互相耦合的；清晰的；明了的	coherent
evidențiere	突出	highlighting
îmbrățișa	紧抱；坚持；使沾沾自喜	to hug, embrace
service	服务；贡献；雇佣	service
proiectant	设计者；谋划者；制图者	designer
sistemic	有系统的；分类上的；体系的	systematic, systemic
calamitate	灾难；不幸事件	calamity
vatră	壁炉	fireplace, hearth, fireside, home, house, dwelling, abode
natal	出生的；诞生的	natal
oboseală	疲劳；疲倦	tiredness, fatigue, weariness
orizontal	水平线的；平坦的；横的	horizontal
brătianu	名字；名称；姓名	a surname transferred from the place name
saluta	问候；致敬；欢迎	to greet, to salute
supleant	代理；代理人；代用品	substitute
civic	市的；市民的；公民的	civic
iulian	尤利乌斯恺撒的	Julian
librărie	书店	bookshop, bookstore
coordonată	同等的人(或物)；坐标	coordinate
orchestră	管弦乐队；乐队演奏处	orchestra
studiere	学问；学识；学习	learning
botez	浸礼；洗礼	baptism
subprogramul	子程序	the subprogram
complicat	复杂的	complicated
pată	污点；地点；斑点	spot, smudge, stain
dizolva	溶解；解散	to dissolve
conexiune	连接；关系；前后关系	connection
iancu	姓；别号；绰号	a surname
toma	册；卷；体积	volume
bizantin	拜占庭帝国的；拜占庭式的	Byzantine
locomotivă	火车头；机车	locomotive
satisfacere	满足；满意；快事	satisfaction
audiență	听众；观众；读者	audience
anticorp	抗体	antibody
contingent	或许发生的；附随的；偶然发生的	contingent
nebunie	疯狂；愚顽；精神错乱	insanity
pretutindeni	各处；到处	everywhere
tremura	战栗；忧虑；摇晃	to tremble, shake, shiver, shudder, quiver
indian	印度的；印度群岛的；印第安语的	Indian, Native American
neamț	德国人；德语	a German
vilă	大厦；宅邸	mansion
picătură	滴；微量；落下	drop
arbor	树；木料；树状物	tree
hepatită	肝炎	hepatitis
musulman	伊斯兰教；伊斯兰教教徒	Muslim
nenumărat	数不尽的；无数的	countless
supliment	补充物；增刊；补充	supplement
ucrainean	乌克兰的；乌克兰人的	Ukrainian
mutare	移动；迁居；步骤	move
ceață	雾；迷惑；(割后的)最生草	fog, mist
înlesnire	便利	facilitation
moară	压榨机；磨坊；制造厂	mill, nine men's morris
stejar	橡树；柞树	oak tree
ambarcațiune	船	boat
pluti	浮动；飘动；散播	to float
simion	姓；别号；绰号	a male given name, a surname
aplicabilitate	适用性；应用性	applicability
obiecție	异议；反对；不喜欢	objection
reflecție	反映；沉思；映像	reflection
pact	契约；协定；条约	pact
colectivitate	集体性；总体；集体	collectivity, community
observare	观察；注意；观测	observation
matematic	数学的；精确的	mathematical
enunț	说明；发音；宣布	enunciation, statement
citație	召唤；传唤；召集	summons
patrulea	第四；四分之一	fourth
subscris	下面签过名的	undersigned
inedit	新奇的；异常的	novel
statua	规定；统治；管理	to rule, to determine
trai	生活；生计；生存	living
fezabilitate	可行性；可能性	feasibility
urinar	尿的；泌尿的	urinary
randament	生产量；投资收益	yield
obligativitate	强迫；强制	compulsoriness
barcă	船	boat
glicemie	血糖	glycemia
luptător	斗士；战士；好战者	fighter, champion, warrior
imunitate	免疫；免疫性；免除	immunity
pantalon	裤子；长裤；短衬裤	pants, trousers
tuberculoză	肺结核	tuberculosis
tablă	木板；甲板；膳食	board, blackboard, sheet of metal
abstract	抽象的；深奥的	abstract
determinant	决定性的	determinant
nomenclatură	命名法；专门语；术语	nomenclature
editare	编辑；编校；修订	edit, editing
cinste	荣誉；头衔；信用	honor, integrity, honesty, treat
farmec	吸引力；魔力；符咒	magic spell, charm, charm, allurement
mentalitate	精神力；智力；头脑作用	mentality
dansa	跳舞	to dance
umanitar	人道主义的；博爱的；凡人论的	humanitarian
consacrat	神圣的；被视为神圣的	consecrated
azot	氮	nitrogen
călărași	骑马者；马术师；养马者	horseman
inadmisibil	不许可的；不能承认的	inadmissible
carcasă	尸体	carcass
anemie	贫血	anaemia
anotimp	季节；时节；当令期	season
nerv	精神；勇气；叶脉	nerve
spectru	幽灵；妖怪；凶兆	specter, spectrum
ocean	海洋；广阔；许多	ocean
controlor	控制器；管理者	controller, inspector
con	（西语）与	con
catedrală	大教堂	cathedral
groapă	孔；洞；穴	hole, pit, grave
grecesc	希腊的；希腊人的	Greek
aluminiu	铝	aluminium, aluminum
interbelic	两次战争之间的	interwar
discret	小心的；慎重的	discreet
sumar	简洁的；紧缩的	succinct, short
amiabil	友善的；友好的	amicable
contur	轮廓	contour, outline, an object, a figure, sketch
imobilizat	使不动；使固定	immobilized
procentual	百分比；比率；部分	percentage
sugestie	提议；意见	suggestion
colonie	殖民地；移民队	colony
anexat	附上的	annexed
mitropolit	大都市居民；都主教；宗主国的公民	metropolitan, archbishop
curățare	清洁；扫除；家畜的胞衣	cleaning, purification
portugalia	葡萄牙	Portugal
gt	（缩写）	gt (abbrev.)
succesor	继承者；接任者	successor
comedie	喜剧；有趣的事情	comedy
răni	伤害；(使)伤心；危害	to hurt, to wound
ie	宽松的上衣	traditional Romanian embroidered blouse
richard	理查德	Richard
etilic	乙醇的	ethylic
mărunt	很少的；微小的	very small, tiny, trifling, petty
coeziune	结合；黏聚；内聚	cohesion
biografie	传记	biography
nesfârșit	不停的；无穷尽的；无尽的	endless
xvii	十七（罗马数字）	XVII
reînnoi	使更新；使恢复；复兴	to renew
cronologic	年代学的；按时间顺序的；按照年月顺序的	chronological
comparabil	可比较的；比得上的	comparable
disperare	绝望；失望	despair
prințesă	公主；王妃；女巨头	princess
ungureanu	同样地；例如	a person from certain areas of Transylvania., a popular folk dance
xvi	十六（罗马数字）	XVI
întunecat	黑暗的；暗的；深色的	dark
glorie	光荣；荣耀；荣誉	glory
inițiator	创始者；首倡者；引爆药	initiator
șarpe	蛇；阴险的人	snake
inscripție	题字；碑铭	inscription, registration, enrolment
prejudicia	使存偏见；使有成见；侵害	to prejudice, to harm
realist	现实的；逼真的；现实主义的	realistic
chimie	化学；化学过程	chemistry
alături	经过；在近处	by, next to, side by side
hectar	公顷	hectare
capac	盖子；限制；眼睑	lid, a slap
bibliografie	参考书目	bibliography
concesionar	让受人；特许权所有人	concessionaire
ficțiune	小说；虚构故事	fiction
africa	非洲	Africa
precădere	优先权；优先	priority
monica	国际通信机构；国际合作总署；国际档案理事会	a female given name
status	州；状态；情形	state, status, condition
găzdui	使适应；调和；通融	to accommodate, to host
nutriție	营养；营养学	nutrition
țeavă	管；导管；输送管	pipe, tube
neobișnuit	不寻常的；罕见的；与众不同的	unusual, strange
diferențiere	区别；分化；变异	differentiation
valeriu	姓；别号；绰号	a surname
dizabilitate	无力；无能；残疾	disability
detașa	使分离；分遣	to detach
nuvelă	短篇故事；中篇小说	novella, short story
gram	克；绿豆；鹰嘴豆	gram
contaminare	污染；污物	contamination
alunga	驱车离开；把…驱开；赶走	to drive away
charles	查尔斯	Charles
aspru	粗糙的；粗暴的；蓬乱的	rough, coarse, severe, harsh, rugged
sacrificiu	牺牲；供奉；祭品	sacrifice
locativ	情形；情况；箱	locative case
finlanda	芬兰	Finland
ziarist	新闻记者；从事新闻杂志业的人	journalist
parter	第一层	ground floor
deservi	可作...用；服务；经历	to serve, to be detrimental to
asia	亚洲	Asia, Asia and the 7th century AD)
carton	薄纸板	cardboard
prăbuși	倒塌；崩溃；瓦解	to collapse
urss	苏联	USSR, now split into Russia and 14 other countries
cabină	小屋；客舱	cabin
principe	王子；亲王；国君	prince
radiologic	放射学的	radiological
organizațional	组织的	organizational
rochie	服装；覆盖物	dress
curăța	清理；使干净；出空	to clean, to peel fruits or vegetables for consumption, to clear
domnișoară	小姐；女士；女朋友	young lady, miss, unmarried woman
lichiditate	流动性；流畅	liquidity
viral	病毒的；病毒引起的	viral
stalin	斯大林	Stalin
placebo	(为死者所诵的)晚祷歌；安慰剂；安慰的话	placebo
that	那个	that
tragedie	悲剧；惨案；悲剧作品	tragedy
amploare	广阔；充足；幅度	amplitude
parfum	香水；香气；(悦人的)气氛	perfume
colorat	有色的；有...色的；经过渲染的	coloured
pisică	猫；恶妇	cat
pop	流行的；热门的；通俗的	pop
înmatricula	准许入学；录取	to matriculate, to register
cărămidă	砖块；积木	brick
absorbi	吸收；使全神贯注；同化	to absorb
antrenament	训练；培养	training
rod	水果；果类；结果	fruit
livrat	递送；陈述；释放	to deliver
non	非	non
bank	银行	bank
denunța	告发；抨击；谴责	to denounce
prefectură	地方长官的职位(或辖区)；县	prefecture
spaimă	恐怖；害怕；担心	fear, terror, fright, horror, dread
mătase	丝；绸；绸锻类	silk
minți	躺着；说谎；位于	to lie, to lie to someone, to betray
profilaxie	预防	prophylaxis
contravenient	罪犯；无礼的人；得罪人的人	offender
pol	（缩写）	pol (abbrev.)
william	威廉	William
șomer	失业人员；失业者	an unemployed person
sanatoriu	疗养院；疗养所；静养地	sanatorium
mândru	骄傲的；自大的；自豪的	proud, haughty
ironie	反语；讽刺；具有讽刺意味的事	irony
fumat	抽烟；冒烟	smoking
climatic	气候的	climatic
reflex	反射的；折转的	reflex
conecta	连接；联合；联系	to connect
ipotecar	抵押	mortgaged
enzimă	酶	enzyme
încuviința	赞同；核准；为...提供证据	to approve
credita	归功于；赞颂；信任	to credit
demnitar	高贵的人；高官；高僧	dignitary
arhiva	档案馆；档案文件	archive
climat	地方；气候区	clime
constantă	常数；恒量	constant
simplificat	简化了的	simplified
extract	榨出物；精汁；摘录	extract
fiziologic	生理学的；生理学上的；生理机能的	physiological
at	在	at
curiozitate	好奇心；新奇的事物；珍品	curiosity
fantastic	奇妙的；稀奇的；空想的	fantastic
cenușă	灰；灰烬	ash, cinder
acvacultură	水产养殖	aquaculture
furie	愤怒；激怒；愤怒的举动	wrath, fury
patron	雇主；老板	employer, business owner
giurgiu	久尔久	Giurgiu
contura	描画轮廓；描述要点	to outline
interimar	过渡时期	interim
ltd	有限公司	Ltd
preleva	拿；取；抓	to take out a sample, to take, remove, harvest
excelență	优点；阁下	excellency
detenție	阻止；监禁；拘留	detention
deceda	死亡；消逝；平息	to die, pass away, decease
malign	有害的；恶性的；有恶意的	malign, evil
intersecție	交集；十字路口；交叉点	intersection
impresionant	给人深刻印象的；威严的	impressive
benzină	气体；汽油；瓦斯	gas, gasoline, petrol
subtil	敏锐的；精细的；狡猾的	subtle
dâmbovița	登博维察	Dâmbovița
coajă	层；产卵鸡；放置者	layer
solicitantă	请求者；征求者	female equivalent of solicitant
depresie	不景气；消沉；沮丧	depression
nega	否认；拒绝	to deny
hibrid	混合的；杂种的；混合语的	hybrid
dezbate	争论；辩论	to debate
pumn	拳头；手	fist, punch, handful
slăbiciune	虚弱；薄弱；弱点	weakness, feebleness, debility, debilitation, defect, shortcoming
postuniversitar	大学毕业后的；大学研究院的	postgraduate
străluci	使发光	to shine, to sparkle, to radiate, to glister, to beam, to fl…
seric	如水的；浆液的；血清的	serous
thomas	托马斯	Thomas
postliceal	中学	secondary school
acuzație	控告；指控；指责	accusation
autenticitate	可靠性；真实性	authenticity, genuineness
vândut	卖；背叛；销售	to sell
serial	连续的；一连串的；连载的	serial
carmen	西班牙人；西班牙语	a female given name from Spanish
epidemiologic	流行病学	epidemiological
încălzi	使温暖；弄热；使兴奋	to warm, heat, to heat up, to warm oneself
nuc	胡桃	walnut
iscir	保险监管局（缩写）	ISCIR (insurance regulator)
straniu	奇怪的；陌生的；生疏的	strange, bizarre, odd
decedat	已故的	deceased
diseminare	散播；传播；普及	dissemination
semnifica	意谓；想要；意欲	to mean, signify
moldovenesc	摩尔多瓦的	Moldovan
colector	收集；收到；收藏	collecting
fngcimm	担保基金（缩写）	FNGCIMM (guarantee fund)
eficace	有效的；有力的；实际的	effective
dictatură	独裁者之职位；独裁；独裁政权	dictatorship
testament	意志；决心；意愿	will
ecuație	相等；等式；平衡	equation
cupru	铜；警察	copper
curățenie	清洁；扫除；家畜的胞衣	cleaning
prozator	作家；撰稿者；抄写员	writer of prose
temporal	时间的；暂时的；现世的	temporal
concesionare	特许；让步；认可	concession
sluji	执行；司仪；担任(体育比赛)裁判	to officiate, perform the functions of some office, to redound, contri…
meditație	沉思；冥想	meditation
prostie	愚蠢；糊涂事	stupidity, folly, stupid thing, nonsense, stupid act
neautorizat	未经许可的	unauthorized
corneliu	名字；名称；姓名	a female given name
rezolvat	解决了的	solved
actualitate	新闻；消息；报导	news
stimulent	动机	incentive
armonizat	（使）和谐；（使…与…）协调；（使）相称	harmonized
culca	躺下	to lie down, recline, to go to bed, to sleep with
armament	武器；军备；武器设计研制学	weaponry
taxare	课税；征税；抽税	taxation
restaurare	恢复；归还；复位	restoration
productiv	能生产的；有生产价值的；多产的	productive
reaminti	提醒；使想起	to remind
ucenic	学徒；生手	apprentice, disciple
congenital	天生的；先天的	congenital
accentua	以重音念；强调；重读	to accentuate
savant	学者；奖学金获得者；有文化者	scholar, scientist
vocație	职业；天命；天职	vocation
terorist	恐怖分子	terrorist
agricultor	农夫；农场主	farmer
semantic	语义的	semantic
leonte	姓；别号；绰号	a surname
atacat	肺结核；肺结核病人	phthisic
tulpină	茎；追踪；高视阔步	stalk
elegant	有鉴赏力的；趣味高雅的；雅观的	tasteful
ileană	玫瑰金龟	rose chafer
israelian	以色列的；以色列人(语)的	Israeli
portuar	港口；埠；舱门	port
riguros	严厉的；严酷的；严格的	rigorous
țene	（无变音拼写）你	you (no-diacritics)
fluvial	河流的	fluvial
automobil	汽车	automobile, car
coș	丘疹；小脓疱	pimple, zit
